signal,hml_bp,t_ew,hml_vw_bp,t_vw,mr_p,fm_bp,fm_t,dsort_t,alpha_bp,alpha_t,grs_p,turnover,net_bp,net_t,breakeven_bp,band_net_bp,band_net_t,lag1h_t,weekly_bp,weekly_t,sharpe,n_days,set
H1_CARRY,23.48280400169877,2.4895298435456636,28.812872506256806,1.5410689760194347,0.03,26.508874550135392,2.629367461569111,2.1415840528506065,21.331861131317908,2.611740796989997,0.0005067163593609481,0.21749335882962184,17.37900045956297,1.8343304206202309,53.98510586269105,7.235610215508843,1.8002395503404414,2.5076753073706963,122.75876393737708,1.7810712750115427,2.509988773130407,426,insample
H1_CARRY,-13.45913577676557,-0.992869682244462,0.4084265555288503,0.011337242240341942,0.588,-8.568073107334968,-0.5922939821142126,-1.2400429010253888,-12.343142101010164,-0.9126676417293696,0.49570642865021475,0.26478728481921715,-21.921413343612702,-1.6185145469013111,-25.414996392207353,-14.533480702075595,-2.487797934855955,-0.7857648164677242,-48.058424364590394,-0.5692633053523091,-0.9128683628988129,449,holdout
H2_KOREA,22.786338969904744,2.398891260251075,40.19981722813346,2.60075835109078,0.024,35.74952254782239,3.4465519447183857,2.344941896825175,23.48557124030708,2.5369718369821923,0.188230086600378,0.21778302379536485,16.84918446247695,1.768834560004245,52.314313973607604,5.379769727163771,1.20704891629516,2.2522207765872206,119.4868732363604,2.1381637424152804,2.4346529405190873,426,insample
H2_KOREA,24.7741882460615,2.3211899378339296,39.37060833157065,2.721689255707412,0.004,28.179017861858522,2.600167554510654,1.867778827025296,24.72966910995112,2.4533852534966187,0.19017649371574052,0.3250237456591168,15.423767599613294,1.4429681046521539,38.11135121192736,5.290300856694371,1.145118714980473,1.5942349993851128,173.53483897731516,3.7226656374293627,1.8061289789694412,449,holdout
H3_FLOW,5.948400073190124,0.8378079905820883,14.772504425949112,1.2011306140284193,0.044,0.19578891887719174,0.03071803409194854,1.1705141305923248,4.590804767699584,0.7480458838872065,0.5830957325535188,0.7220189190008494,-12.4445513332605,-1.7502397323157135,4.119282692357765,-9.968973951750375,-3.104282391186966,0.9498994830159896,36.40919747762484,0.7749179587702013,0.8336048523444816,426,insample
H3_FLOW,13.113382037711913,1.3883347706727729,21.577308945044685,1.4388342457366523,0.522,15.758312819985562,1.4534728870153002,1.910120854771618,10.41219400494891,1.2059599214929164,0.1296716255453857,0.7358944650968928,-7.014224857457171,-0.7422473252318288,8.909825158139569,-8.069247293968957,-1.824442043956986,1.7563147573504825,96.3083256454737,1.4775064609155018,1.0999065790990206,449,holdout
H4_MAX,4.92996523897885,0.4662274743481235,11.653570955847396,0.5552785820084598,0.102,19.15993901837802,1.6580578444632565,0.24974650984229482,6.858358872089195,0.7010201013803949,0.4346510622214357,0.24082488919079212,-1.3408710884463244,-0.12646584579394715,10.235580831251031,-1.9327699650542935,-0.40612656233600813,0.1497658765194679,79.84434546580754,0.9234207321297917,0.40051613048632945,426,insample
H4_MAX,-13.578726506014196,-0.8255484071258153,-29.96241580769212,-0.9103525211676678,0.65,17.906163987200184,0.8478404025553425,-1.0363440770572785,-10.20198525015785,-0.6534358011772912,0.932709869419715,0.27731221810999634,-21.66022995833986,-1.315786257862948,-24.48274114743147,-10.498792847743745,-1.47720943183242,-1.0971041073488075,-106.99702367698461,-1.3807671053462078,-0.7767848764308637,449,holdout
H5_IVOL,3.7398886891257375,0.31240714086880444,11.292366014370812,0.5413986236469411,0.358,63.87916997729401,1.4594625129576762,0.20907494688304776,5.2388765169489036,0.4458219969309569,0.4628938159548389,0.18794272612161733,-1.1704502012344737,-0.09780172796820702,9.949543582510513,0.2214649383171878,0.04318863869674688,0.12288529569014207,73.77206640955887,0.699027224628664,0.268368437341365,426,insample
H5_IVOL,-21.009221331414484,-1.2613923724241947,-37.753620935542145,-1.1528354790518767,0.892,132.67952437041373,1.758499532576722,-1.4598364501307821,-17.68101271495226,-1.1275967714590773,0.7786297349384301,0.21606237880310997,-27.258940412400328,-1.6361621166948632,-48.61841623654308,-12.109722091440327,-1.6390636182819789,-1.4897302989773948,-118.79843412128632,-1.1780348760986885,-1.1373419988318807,449,holdout
H6_BAB,2.8465468925949975,0.16969991496522785,11.993832311183123,0.6375270534487294,0.844,1127.21155180902,0.3788892370048252,0.2764850498604523,2.3913163515731117,0.24325137201433175,0.03510344743271421,0.13023547050112622,-0.7670111175943682,-0.04571716487253302,10.928462429021524,1.2739919458529083,0.17655313613404483,0.19825417759032612,44.17691418790991,0.3497107334895699,0.16324242696275576,426,insample
H6_BAB,25.032066885428414,1.5319898468351454,3.5034130090712425,0.13768817145007706,0.246,4638.881301119905,0.6826133752640652,1.3939883440061742,22.720919571247023,1.7744008664534565,0.10831746247278584,0.19995920250940646,18.737931658700237,1.146567078419866,62.5929353870344,5.640554645458289,0.7923652310736738,1.7273675064350897,151.52868742050066,1.41391465404199,1.2070416140477405,449,holdout
H7_REV,8.211990281070628,0.6903033891380844,0.8413538152926024,0.04006191190403754,0.244,17.838214220666444,1.5609348396651572,0.777296393859502,9.167279759843943,0.864102000197534,0.04656604021798505,0.7747012570610259,-9.572480955062897,-0.8082023751309709,5.30010130112887,-10.495545052378205,-2.048889214146678,0.7114243948079177,80.33451526131773,1.1945458181168065,0.6810990427017943,426,insample
H7_REV,11.572954926485783,0.8319141075176119,-22.264626661765565,-0.6525805061845701,0.516,11.651973641298188,0.7005499302480258,0.7375965403911766,15.00604124004051,1.0639160193910608,0.3659288449936249,0.7838049111403556,-9.06868105307237,-0.6538772865465894,7.382548107314309,-11.465766771470966,-1.85720777096624,0.11992357235518408,7.033484047854054,0.09305953145267765,0.7057337984114853,449,holdout
H8_MOM3W,9.359342866318144,0.7492438783321363,27.368171934840532,1.6094099136490987,0.242,12.177564635576315,0.9201694916251757,0.5378438732941212,0.167557987144741,0.054619969538809994,0.22440863720153148,0.23609933465325794,3.4507864973733358,0.27590321818284647,19.82077348939491,-0.3737341093960092,-0.07175473125636586,0.8770685826643497,2.432271661152702,0.031000706048894322,0.7300614858997339,426,insample
H8_MOM3W,10.027219283835999,0.6316402795093521,13.389656934237024,0.46420819402614283,0.83,10.023117561067908,0.5568999227485475,0.5656953080025425,0.497653636359519,0.12020251895836725,0.08859104223294434,0.29448777429999934,1.473703712445097,0.09273441130213898,17.02484815824835,-4.523341991450887,-0.6814504209276971,1.175683496932035,108.31512477403167,1.1581624683230487,0.5622374088029135,449,holdout
H9_VOLSHOCK,16.110400092016583,1.9573140724498261,18.918407444977856,0.8655619624021198,0.232,16.19369249184194,1.7570052836762853,1.3672358983753663,12.85052212468149,1.8495361723906074,0.16196497596264647,0.41625711995490355,5.628482927959341,0.6831599446591146,19.351500935001365,-0.48798240414598865,-0.14381899304279014,2.583513158099557,25.033527826058,0.5105450364787055,1.8075325846583712,426,insample
H9_VOLSHOCK,-2.385615859418446,-0.15583810029642386,21.794027294330945,0.5619041422153623,0.27,-8.353790864087642,-0.4495458358979902,0.13033507766139316,-5.671494217928234,-0.40002269498043724,0.9496148030421296,0.46805347852564444,-15.778986904835964,-1.0284854381962842,-2.5484436809796502,-10.566685318276393,-1.7155942375434035,0.21083945192524303,-73.3672182206913,-1.092811207283857,-0.14258330063126026,449,holdout
H10_SKEW,11.25901142876727,1.3451074074215006,26.436067816536127,1.3197926426607867,0.08,14.950883728644238,1.476911814324579,1.400319929118513,12.736916267150887,1.6185716991127856,0.3189708544680383,0.31105998632536663,3.419355813376215,0.4069392536345036,18.097813803975452,0.271635159543415,0.07763595012284893,1.2150905954456936,122.19561934088152,2.7611939485569335,1.320169383698751,426,insample
H10_SKEW,-5.799788582762408,-0.5147341975443526,-6.505211914023486,-0.2970482297449515,0.916,5.769383642186512,0.41323948292851564,0.03817803091585635,-1.9890596528548736,-0.19259328763352915,0.6081525947966675,0.382920512148543,-16.802759968906745,-1.4919595531977645,-7.5730972861967585,-10.528271542745008,-2.0883300592756844,-0.807956478057467,42.19146911361463,0.5332962678398948,-0.4179348809482043,449,holdout
H11_OIGROW,6.069189735064928,0.7290651707270617,-13.12373561320196,-0.7390221956031401,0.124,5.58996077016068,0.634709392327655,0.5762457936071382,9.128577236576259,1.288773236370338,0.23913340432793917,0.3661547760937809,-2.968636764706653,-0.3574085134988381,8.287738043201799,-3.983105034358998,-1.0859638935288956,0.2544408113092812,58.676968183342396,1.0171747667553175,0.6502737437728794,426,insample
H11_OIGROW,-14.83217335454155,-1.0572936781367004,-86.13359810192622,-2.5282152819057373,0.726,-15.966562000920476,-0.9833939848043175,-0.9703540027327019,-10.375276028740327,-0.8212485857930052,0.9571780630443646,0.40114830622808756,-26.111688673867985,-1.863786930149087,-18.487144435440015,-13.448695923295448,-2.2672544021752237,-1.4289054255259999,-102.76550579833359,-1.206684205169418,-0.9607759725567221,449,holdout
H12_ILLIQ,4.261163647268558,0.5343701203394849,-6.712686273649682,-0.4708596266803573,0.434,-15.629827330614505,-0.7360108911137917,-0.42878970269337763,3.2816192273591125,0.7853000658179905,0.24196423313315574,0.24572781120400364,-3.5409187209735613,-0.44135617695870877,8.670495265452336,-2.526310520543193,-0.6801639930045837,0.644023344018571,43.808924510474704,0.8785652550512503,0.5201930849199218,426,insample
H12_ILLIQ,7.002108245706243,0.6114432659683563,5.900098867098403,0.31068827440493363,0.052,-21.37946224230684,-0.740084578384531,1.368167703070378,4.788658356444666,0.5611546031823363,0.8749811207294981,0.31077329799458353,-3.2780065639141074,-0.2861477550983553,11.2656207770918,-4.6955839028643815,-0.8632806109970257,1.0751018068132927,-22.931538452631372,-0.32830061692040935,0.49428475274582767,449,holdout
H13_COMPOSITE,5.8665391467357075,0.3847199572322112,17.98011683957031,0.7928045908327459,0.764,23.97414077551644,1.890139716476037,0.6735055008128118,7.12856051274946,0.5026262781971528,0.10342393899867297,0.35178622322661324,-3.0779549442423724,-0.2020885806685915,8.338216165669182,-4.139814797479845,-0.6307024676227209,0.32382380407429673,63.74044864459888,0.945567347785896,0.4620382416301585,241,insample
H13_COMPOSITE,-6.269907773380845,-0.5576760302935521,-17.794395080642396,-0.6293383011813358,0.222,6.638166213245292,0.42725002804319623,-0.8300820134002533,-5.873770140364977,-0.5253642963537938,0.882597099456981,0.45416611109028754,-18.969430739411518,-1.6862858491304666,-6.902659203621641,-10.885967723617743,-2.1668557147716028,-0.7507611193098905,-6.556085028932325,-0.08213511124599858,-0.4644752622144307,449,holdout
