predictor,r2_os_pct,cw_stat,cw_p,hit,pt_p,cer_gain_bp_yr,n,insample_corr,holdout_corr,bhy_cw
TSMOM_1d,-0.4361296356266031,-1.2048284134883944,0.88586522565374,0.497787610619469,0.8500805632100705,-44.473264450069735,452,,,False
TSMOM_7d,-0.03507751887867894,0.04545743692861376,0.4818713501076799,0.5,0.9067249445332801,-25.09137044042661,452,,,False
TSMOM_28d,-0.0382135181288934,-0.0008849521014887799,0.5003530447633333,0.5066371681415929,0.5,0.0,452,,,False
BTC_7d,-0.4739360463195119,-0.6493109546771378,0.7419312967743388,0.5066371681415929,0.46303550944376193,-1372.7361555712419,452,,,False
FUNDING,-0.5067004976286205,-0.11351273422806045,0.5451879660600433,0.5066371681415929,0.44552918939008745,-234.1315870026377,452,,,False
OI_7d,0.013284806316171682,0.46243027017786714,0.32188639808213426,0.497787610619469,0.8500805632100705,-356.1942853297527,452,,,False
DVOL,-0.4864012792825889,-0.7066518901608504,0.7601085831015775,0.5088495575221239,0.15490744005123247,215.14718253011068,452,,,False
DVOL_minus_RV,-0.22149943404259353,-1.0336209628043007,0.8493433022658603,0.5,0.9067249445332801,-181.98269316356627,452,,,False
BREADTH,-0.05741149762530373,0.22473556013243756,0.41109249957382,0.5066371681415929,0.4770563198410629,-70.56633606350962,452,,,False
UPBIT_SHARE,-0.07117012685926571,-0.6512291367974757,0.7425507077680247,0.5066371681415929,0.5,0.0,452,,,False
KIMCHI,-0.39315289044457025,-1.1354907952109028,0.8719151317668767,0.5022123893805309,0.8361994140253807,26.82986532900667,452,,,False
VOL_SURPRISE,-0.20781399492646457,0.05598140282399708,0.4776783111608718,0.5154867256637168,0.19654316754400813,-178.63576596658854,452,,,False
RSZ_MEAN_COMBINATION,-0.11425878623338992,-0.7916100008312213,0.7857059431109392,0.5066371681415929,0.4924855989529918,-7.1515804389461355,452,,,False
INTRADAY_00-16_to_16-24,1.0456717100537416,2.6606025374338733,0.0039000486578615323,0.5077951002227171,0.3216469501244599,,449,0.111714654252562,0.10708967892821006,False
