id,target,features,model,disc_ic,val_ic,disc_net_day,val_net_day,val_net_ci,val_sharpe,disc_bh,pass,val_auc,seconds
H001,xs24,base,ridge,0.12553485772952291,0.12239973809928255,-0.0011966229211041032,-0.0018245497212203614,"[-0.0036968415252707143, 0.00010010338727767355]",-2.196807981194334,False,False,,4.0
H002,xs24,base,lgbm,-0.03848615491809326,-0.03986371676325839,-0.0019908282891461264,-0.0018342449379244482,"[-0.003810388171498677, 7.82892468683084e-05]",-2.1807192066037424,True,False,,57.6
H003,xs24,base,cat,0.11741117492544219,0.13423405072708852,-0.0007006180061438396,-0.0005657706572362512,"[-0.002464397390807981, 0.001205249699106616]",-0.6996765827537831,False,False,,26.3
H004,xs24,base,mlp,0.1254574235527349,0.12400747052274615,-0.0012291035560270157,-0.0017974403364633764,"[-0.0036892118166339553, 0.0001427553064236523]",-2.1542734518194457,False,False,,16.7
H005,xs24,base,gru,0.12594273010108772,0.12534085371095546,-0.001207679856835315,-0.0016273060648264034,"[-0.0033922694199730514, 0.00017334980105456269]",-2.072238020479099,False,False,,107.0
H006,xs24,pos,ridge,0.12499757848846209,0.12600258009851406,-0.0013090989342929905,-0.0018344637190007397,"[-0.0037966322988190714, 7.43990593036125e-05]",-2.228262633163477,False,False,,7.7
H007,xs24,pos,lgbm,-0.04029285411122068,-0.011628142656990536,-0.002007727472513399,-0.0028368280811113967,"[-0.004841537204450532, -0.000920302071970791]",-3.252853957937177,True,False,,94.7
H008,xs24,pos,cat,0.12559801899898604,0.14271390434389225,-0.0004073491459016437,0.00015088382852667526,"[-0.0015786296088863088, 0.001814337713831485]",0.20136002033999875,False,False,,47.8
H009,xs24,pos,mlp,0.1254084217942294,0.12887244558789715,-0.0012396341023868207,-0.0015529909542744194,"[-0.003379155045955005, 0.0003467210490053686]",-1.907424684589449,False,False,,16.6
H010,xs24,pos,gru,0.12748428753594798,0.13696536883328747,-0.0012399481498132246,-0.0005394069899636947,"[-0.0022806851545604354, 0.001115292976914231]",-0.737525487317482,False,False,,109.8
H011,xs24,xven,ridge,0.12686066102639335,0.13036633120705102,-0.0011563652004932341,-0.0016322291412617315,"[-0.003550263461634663, 0.00024854245841353595]",-1.9796690310646257,False,False,,8.9
H012,xs24,xven,lgbm,-0.032849812153449114,-0.0038012208389617656,-0.002276671647876863,-0.003333031455521674,"[-0.005385293957541346, -0.0013168366153064456]",-3.7111814091491455,True,False,,77.1
H013,xs24,xven,cat,0.12669415064060177,0.14432879152277373,-0.0006559693749363225,0.0001765865694144705,"[-0.0015171503484376024, 0.0018400030858998554]",0.23263349609760126,False,False,,50.0
H014,xs24,xven,mlp,0.1291589074544698,0.13431273738060254,-0.0010524758704441816,-0.0012636276480231118,"[-0.0030874007694788254, 0.0005749660320446082]",-1.5573704466047322,False,False,,18.6
H015,xs24,xven,gru,0.12467576365582297,0.13912492778810012,-0.0011581914149201202,-0.00020658566443277422,"[-0.0018962179997962245, 0.0014243875239746896]",-0.28470051953571207,False,False,,112.7
H016,xs24,all,ridge,0.12674704173210666,0.1307670977555032,-0.0011425106924863862,-0.0015067051761332567,"[-0.0033464433634819418, 0.00035841936190669077]",-1.8331835974747248,False,False,,10.1
H017,xs24,all,lgbm,-0.02746204450411165,-0.010185133270172706,-0.0025892281234264763,-0.002967217206414767,"[-0.005048702964415183, -0.0008732502031742386]",-3.276045632081776,True,False,,78.3
H018,xs24,all,cat,0.13157809284056365,0.14608742672830813,-0.00027229373477930284,-3.0686178161136087e-06,"[-0.0018126932931704972, 0.0018508174108717171]",-0.00393510189269896,False,False,,52.7
H019,xs24,all,mlp,0.1276961759679757,0.13364962043344483,-0.0010970000489657489,-0.0011886316739131181,"[-0.0030973692969489537, 0.0006875188140299741]",-1.4757125632143135,False,False,,21.5
H020,xs24,all,gru,0.1269047227019695,0.13286523072422698,-0.0011341200171160828,-0.00036903624812927596,"[-0.00207228285576213, 0.0012850830467097366]",-0.5013892770166859,False,False,,119.5
H021,xs72,base,ridge,0.13926307797796678,0.1316931325699529,-0.0007718755756304214,-0.0011291677560847885,"[-0.0032656932004520986, 0.0008514369320687968]",-2.1408265260058115,False,False,,0.7
H022,xs72,base,lgbm,-0.012058164470954326,-0.007377314444104133,-0.0014164168113599482,-0.0006747310504352579,"[-0.0026064352172208223, 0.0012951321803929584]",-1.4261111085284894,False,False,,54.3
H023,xs72,base,cat,0.10523637126010792,0.13805915828699364,-0.00011191348162054698,0.00011303699625326879,"[-0.0016509761534773966, 0.0017894995030241381]",0.25532844571384816,False,False,,26.5
H024,xs72,base,mlp,0.1376574877132616,0.13462311964534748,-0.0007553030456340011,-0.0010426208549190958,"[-0.0031110970351798436, 0.0008943607362018317]",-2.0179442544153248,False,False,,11.5
H025,xs72,base,gru,0.139020440373098,0.12816016622991586,-0.0005649861248836511,-0.0006084078807492888,"[-0.0024593012708603837, 0.0012030305531781716]",-1.3642234550406498,False,False,,119.5
H026,xs72,pos,ridge,0.1361515803850986,0.13352725211979002,-0.0007835183155573003,-0.0012320765677178594,"[-0.003413045388047779, 0.0009448260376498586]",-2.298604749492082,False,False,,0.9
H027,xs72,pos,lgbm,-0.01878120835802555,0.005907283678029987,-0.0011097779275738794,-0.0020024895757572844,"[-0.004109793226258669, -1.2697767630789182e-05]",-3.9270090447670336,False,False,,72.7
H028,xs72,pos,cat,0.11843717644706277,0.14729100886059926,-0.00020458342128522875,0.000358076459232755,"[-0.0016281650484839551, 0.0021200816800247177]",0.7594530644020282,False,False,,36.1
H029,xs72,pos,mlp,0.13675710427625615,0.14351646758363826,-0.0008792863038294089,-0.0007972665181293356,"[-0.002825040327861756, 0.0012177070087856926]",-1.5461235615051152,False,False,,12.3
H030,xs72,pos,gru,0.13822228900979114,0.14157543319902408,-0.0006538221838213533,-6.501746638498116e-05,"[-0.0017499300527328784, 0.0015934761079610359]",-0.15238071952309068,False,False,,107.3
H031,xs72,xven,ridge,0.13837060054387038,0.14122083223581644,-0.000627836106718128,-0.00067593535682889,"[-0.0027760636012100033, 0.0013242842733457612]",-1.3024220480847786,False,False,,0.9
H032,xs72,xven,lgbm,-0.004481942846907159,0.01985136418105818,-0.0009029566275210465,-0.0020519280404911557,"[-0.0040008008038795425, -0.00013805216844221013]",-4.028258102941506,False,False,,77.7
H033,xs72,xven,cat,0.11899424562542833,0.14894634764205097,-0.00015642200496259173,0.000423794240310618,"[-0.001457277655546987, 0.002291502264323003]",0.8901179026286721,False,False,,46.6
H034,xs72,xven,mlp,0.14071634280232778,0.14474960886136817,-0.0006429603847008632,-0.0009434502791933568,"[-0.002832115733100784, 0.0009237515576357394]",-1.9743549762861474,False,False,,12.9
H035,xs72,xven,gru,0.1382248472984598,0.13899831626113476,-0.0005627369669762237,0.00015308210311560302,"[-0.001392385425964135, 0.0017000048451764466]",0.3975862438535889,False,False,,112.9
H036,xs72,all,ridge,0.138582928609643,0.1423485265960577,-0.0006367217269465325,-0.0008397616338632142,"[-0.0029306859314634564, 0.0011470410894618916]",-1.6256538023333014,False,False,,1.5
H037,xs72,all,lgbm,-0.002808722486810919,0.022835311895530976,-0.0011028014596602463,-0.0019613846610914494,"[-0.0039965582801744556, 8.842669988587798e-05]",-3.7585139827446374,False,False,,81.2
H038,xs72,all,cat,0.11978405095169105,0.15338079710884267,-0.0003596240472178629,0.0003437737181656028,"[-0.0016146602581469213, 0.0022405627742738002]",0.6836889441191993,False,False,,55.2
H039,xs72,all,mlp,0.14009324084860963,0.14582755651780116,-0.000682682612357209,-0.0008286515510540467,"[-0.0029603625807209286, 0.001208952258170333]",-1.579230691712735,False,False,,12.3
H040,xs72,all,gru,0.1390946423627603,0.1487847847632673,-0.0005142889256598243,0.0002559613719276977,"[-0.001369039465980591, 0.0017874651544797983]",0.6340884006672479,False,False,,120.3
H041,pump24,base,ridge,-0.12477794569238612,-0.11613438779929698,-0.0013044527180875892,-0.0019281350833265142,"[-0.003917184533568312, 0.00019407023028218505]",-2.1779396683344636,False,False,0.754683674869445,1.5
H042,pump24,base,lgbm,-0.11886253791796979,-0.11676809792713763,-0.0012592832410354326,-0.0019857655612936895,"[-0.004155377313847645, 0.00025110807686564145]",-2.0975503020161135,False,False,0.7685864695360217,25.8
H043,pump24,base,cat,-0.11974913545649173,-0.11671470531068083,-0.0013887036563365084,-0.0020157229644071524,"[-0.00424878606019356, 0.0001524025504710435]",-2.120390839318862,False,False,0.7687428941916142,54.8
H044,pump24,base,mlp,-0.12286126589834669,-0.11708969343117011,-0.0012798580862976255,-0.0019120228931386331,"[-0.003946125743827866, 0.00013265968987216659]",-2.145582661528043,False,False,0.7606883777295905,11.9
H045,pump24,base,gru,-0.1220779389536883,-0.11526107489186832,-0.0012345763998201174,-0.0019128544219786236,"[-0.004082841321069333, 0.00014017094885315925]",-2.1029159916794677,False,False,0.761087497934886,103.4
H046,pump24,pos,ridge,-0.1251837188783082,-0.11505188481428838,-0.0011593514456462244,-0.0020266408461394004,"[-0.004110125904614301, 5.1075122497373086e-05]",-2.2763693918474974,False,False,0.7569960658469737,1.8
H047,pump24,pos,lgbm,-0.11791670422027915,-0.11532390764176197,-0.001442707944575174,-0.0020596866178616857,"[-0.004224587964979653, 6.905563049376333e-05]",-2.183273436077756,False,False,0.768733660682927,33.1
H048,pump24,pos,cat,-0.12027210516585228,-0.11627138671952636,-0.001341733159774513,-0.002078853322904215,"[-0.0042824148997764235, 7.137809209169966e-05]",-2.1854257574114095,False,False,0.7693970492535853,68.3
H049,pump24,pos,mlp,-0.12301937529304528,-0.11560862981450734,-0.00132117341986092,-0.0020216902942732555,"[-0.004059210768344361, 0.00015175055936091404]",-2.2286104695975784,False,False,0.759982710932036,12.6
H050,pump24,pos,gru,-0.12368260278842988,-0.11485806375287484,-0.0011931856188511602,-0.002072006794727689,"[-0.004201641625523374, 0.00011269746707120403]",-2.2166733430649956,False,False,0.7638326689118193,114.7
H051,pump24,xven,ridge,-0.1254720585153407,-0.11506695354262557,-0.0011683140270041497,-0.0019550058271758947,"[-0.003983355991283063, 2.5310868700016855e-05]",-2.203723445360752,False,False,0.7570767504046773,2.4
H052,pump24,xven,lgbm,-0.11613829170226694,-0.11375794464321362,-0.0014595998706202836,-0.0022430128860778447,"[-0.0044228423272490375, -2.4658232615578136e-05]",-2.328388301128305,False,False,0.7686141777002805,40.1
H053,pump24,xven,cat,-0.11921308589788165,-0.1148861393470611,-0.0014402275728731902,-0.0022469746371158255,"[-0.0044973016080624515, -2.4693358647080247e-05]",-2.3597301964767206,False,False,0.7689324914047203,74.7
H054,pump24,xven,mlp,-0.12155341507070777,-0.11308056782790625,-0.001315929931290051,-0.0018734701818784128,"[-0.003890119692619503, 0.0001478112437391854]",-2.106320718989948,False,False,0.7585002098392403,13.6
H055,pump24,xven,gru,-0.12381540604644346,-0.11570865623591912,-0.0011720476247543581,-0.0020690954416777334,"[-0.004236512860897944, -2.657258892113201e-05]",-2.2405898295391875,False,False,0.7626576934405905,123.0
H056,pump24,all,ridge,-0.12758413845434896,-0.11761870441221825,-0.0011203347897450146,-0.0018178004293776433,"[-0.0038560509610850945, 0.00022058728235628756]",-2.0316504556785673,False,False,0.7638891508358824,2.7
H057,pump24,all,lgbm,-0.12182951340624716,-0.11774534079050177,-0.0014883087680581245,-0.0020520493332644163,"[-0.004120580830392502, 7.151271511954228e-05]",-2.13282279210882,False,False,0.768532932606087,42.7
H058,pump24,all,cat,-0.1264169904055967,-0.11789464436129325,-0.0012357809733049884,-0.0019499093154191319,"[-0.004198323833356838, 0.0002666636588748885]",-2.0441604466090055,False,False,0.769105736711128,81.9
H059,pump24,all,mlp,-0.12280125593785092,-0.11684554040815671,-0.0011543166326518596,-0.0020882900155740243,"[-0.0042123821277225285, -4.867393817177507e-05]",-2.325377426580037,False,False,0.767004458006872,14.8
H060,pump24,all,gru,-0.12382083179740809,-0.11460554387167875,-0.001263631795949271,-0.002145414213603182,"[-0.004333543380769789, -8.747259973746254e-05]",-2.306931920751363,False,False,0.7664815722022238,125.8
H061,dump24,base,ridge,-0.11369504239384652,-0.11397755908196103,-0.0012000268355207432,-0.00164863533992691,"[-0.0035534077965960163, 0.0003181060517823052]",-1.9071652559315453,False,False,0.7750623816267924,1.5
H062,dump24,base,lgbm,-0.11160786767985177,-0.10902659425480946,-0.001351825725656919,-0.001708422608464784,"[-0.003846975699793839, 0.00035503860279693814]",-1.8126082246056885,False,False,0.7848645291561204,28.7
H063,dump24,base,cat,-0.11104637605752261,-0.10935165921506819,-0.001401456296720568,-0.0017611717427228788,"[-0.003926321109074546, 0.00042722683644988056]",-1.8741971358818128,False,False,0.7871655276992953,55.9
H064,dump24,base,mlp,-0.11228993615482172,-0.11171458511376542,-0.001401434057113962,-0.001989032194626299,"[-0.004149860234285424, 7.846328139451718e-05]",-2.1807253946044662,False,False,0.7869115162726976,11.8
H065,dump24,base,gru,-0.11573884847432221,-0.1118954549865948,-0.001057861468983869,-0.0017112650170897318,"[-0.0038281456994346827, 0.0003921699781630382]",-1.8564647526010307,False,False,0.7820094532929359,102.9
H066,dump24,pos,ridge,-0.11210000193537838,-0.10904035184393518,-0.001371132723637895,-0.0018951648866937535,"[-0.004085788736870919, 0.00015296658474374343]",-2.083275735749019,False,False,0.7760950164687802,1.9
H067,dump24,pos,lgbm,-0.11109682496486052,-0.11047057007309767,-0.0013972757456515565,-0.0016903451645619242,"[-0.003831331665576658, 0.00036064144425939466]",-1.8017181054481444,False,False,0.7845482138961468,35.5
H068,dump24,pos,cat,-0.10891438310648954,-0.1104610370153969,-0.001452751595134158,-0.0018649545275884242,"[-0.00400586571254345, 0.0002951060251765748]",-1.9892291990821491,False,False,0.7878019276812478,63.9
H069,dump24,pos,mlp,-0.1106689179997948,-0.11042171757152336,-0.0013916812128906475,-0.002041563855970969,"[-0.00413832631837592, -2.9660652295151006e-05]",-2.222713991425015,False,False,0.7854785685461617,13.4
H070,dump24,pos,gru,-0.11481176654309466,-0.113264436695695,-0.0011385613233945114,-0.002139183201728247,"[-0.004302342191573896, 2.9191155766857758e-05]",-2.3008835407275714,False,False,0.788831325005161,119.0
H071,dump24,xven,ridge,-0.11273157074657139,-0.10972481623550816,-0.0014101403137458677,-0.0018688744700752146,"[-0.0039574731240784875, 0.0002350425064601812]",-2.0637503062571456,False,False,0.7762303602957218,1.9
H072,dump24,xven,lgbm,-0.10956201750493547,-0.11031224881968071,-0.0014621717801611561,-0.0017870007024274584,"[-0.003925750366741256, 0.0002988113764919243]",-1.8943923510959801,False,False,0.7850265575897205,39.5
H073,dump24,xven,cat,-0.10821775320003849,-0.10986715728389275,-0.0014230043792278256,-0.0015848040005680187,"[-0.0037647658971791194, 0.0006049368552583675]",-1.6778519796767162,False,False,0.7882185773424796,74.4
H074,dump24,xven,mlp,-0.10728826643201603,-0.11130514252780606,-0.0014757803752970472,-0.001984533995350067,"[-0.004011528733380495, 0.00015880581655128504]",-2.160312565347383,False,False,0.7851957224468056,13.3
H075,dump24,xven,gru,-0.11526295915647877,-0.11373490575412958,-0.0011179331586401752,-0.0019897981869419477,"[-0.004197851729140573, 0.00016378190544827194]",-2.127763902715917,False,False,0.7866185968334403,117.0
H076,dump24,all,ridge,-0.12077628374333337,-0.11342531236689483,-0.0011445226521336115,-0.0019625291695748075,"[-0.004031314520772246, 0.00013780081329230496]",-2.1495387951535543,False,False,0.780316839230318,2.2
H077,dump24,all,lgbm,-0.11865801504105986,-0.11091253059896454,-0.0012245695585031053,-0.001545445778437898,"[-0.003704458600192674, 0.0006483604362503426]",-1.614483720617001,False,False,0.7844872240805081,43.6
H078,dump24,all,cat,-0.11741381054778231,-0.11148401877759026,-0.0012987087246769465,-0.0014667896475255445,"[-0.0036264738684126355, 0.0007095148087318243]",-1.5436721170332144,False,False,0.7840649133003295,79.4
H079,dump24,all,mlp,-0.11149510250683896,-0.11208009003882334,-0.0014060268022726295,-0.002108797305964864,"[-0.0041944612757087475, 5.7650174409157064e-05]",-2.29698631625036,False,False,0.7927269166324173,12.6
H080,dump24,all,gru,-0.11816001736532174,-0.11136738458022437,-0.0011219842910566323,-0.0019198705939671276,"[-0.004069528619060717, 0.00016810447208863408]",-2.058729701992852,False,False,0.7864620418019672,123.8
H081,vol24,base,ridge,-0.11808332719074129,-0.11472645709423018,-0.0010538079190867034,-0.001519561270366638,"[-0.0033703572605729326, 0.0003136268942531426]",-1.841337149240963,False,False,,1.0
H082,vol24,base,lgbm,-0.11806200941422662,-0.11562047784665908,-0.0011020883358605347,-0.0014151710536171025,"[-0.0034470505853960456, 0.0006223957766788311]",-1.5862295206319013,False,False,,26.2
H083,vol24,base,cat,-0.11924929744467885,-0.11462188839719888,-0.0010919753623188006,-0.0015668156629738764,"[-0.00366164933099511, 0.00043242867710462833]",-1.7545794800205414,False,False,,29.2
H084,vol24,base,mlp,-0.11777644779302512,-0.1157243030720799,-0.0011295818056671707,-0.0016879198653281442,"[-0.003624188518390663, 0.00024766144592205393]",-1.9912145457054047,False,False,,11.3
H085,vol24,base,gru,-0.11765970002524331,-0.11302674522541692,-0.0011138397657450342,-0.0017919068804096924,"[-0.0037539337140399015, 0.0002436530110069843]",-2.0285299976975817,False,False,,103.5
H086,vol24,pos,ridge,-0.11752409201598844,-0.11288299974545436,-0.001095269897823404,-0.0016545461988205273,"[-0.0036004015041716728, 0.0002419120171529858]",-1.9497521442108794,False,False,,0.9
H087,vol24,pos,lgbm,-0.11846900988245143,-0.11692917146812108,-0.0012270265798440029,-0.0014479241983566017,"[-0.003463525267654642, 0.0007308358675179888]",-1.6248471825058408,False,False,,31.5
H088,vol24,pos,cat,-0.11954575360161991,-0.11652207456498505,-0.0010957940145460512,-0.001505824530874649,"[-0.003546798710584384, 0.0005266716933586686]",-1.679606224574166,False,False,,35.5
H089,vol24,pos,mlp,-0.11857295323561491,-0.11512602786279184,-0.0011686588773493788,-0.00202582330190235,"[-0.004026606726002968, -7.567086468652776e-06]",-2.3353626825208,False,False,,12.3
H090,vol24,pos,gru,-0.11670062214222843,-0.11294092039922628,-0.0012082082375102284,-0.0018043907461351655,"[-0.003804789324078709, 0.0002834307746271378]",-2.0395874281402913,False,False,,109.1
H091,vol24,xven,ridge,-0.1182780747586783,-0.11431679111156597,-0.0010645791168708142,-0.0016976768256379557,"[-0.0036627088191872074, 0.0001233273932278421]",-2.017453522211741,False,False,,1.1
H092,vol24,xven,lgbm,-0.11815044964633732,-0.11677845414755013,-0.0012161728478430043,-0.0015910362001683492,"[-0.0036403810438910378, 0.0004433562546208501]",-1.778517765745872,False,False,,37.8
H093,vol24,xven,cat,-0.11847740269074475,-0.11542712202957299,-0.0011931227067551967,-0.0015634481526831845,"[-0.0036233244258150423, 0.0005748964304818515]",-1.7355012930102673,False,False,,45.7
H094,vol24,xven,mlp,-0.11802411682003074,-0.11535777047816652,-0.0011254424461426388,-0.0018794330886288582,"[-0.003875847432688473, 8.41877289526223e-05]",-2.173095391644157,False,False,,13.6
H095,vol24,xven,gru,-0.11715275185365759,-0.11268025526964878,-0.0011721542016294995,-0.0018263072099865565,"[-0.0038374903307745968, 0.00018585255416900097]",-2.0787362881362172,False,False,,116.2
H096,vol24,all,ridge,-0.11868265934811215,-0.114575437377856,-0.0010447436750547089,-0.0016767203764992032,"[-0.0036025354567028184, 0.0002448003444160206]",-1.9961469371438476,False,False,,1.3
H097,vol24,all,lgbm,-0.11803364174862982,-0.11927353958968191,-0.0012876446988366221,-0.0014648451366696756,"[-0.0034704256070853673, 0.0006490020064242441]",-1.6378838281707084,False,False,,41.2
H098,vol24,all,cat,-0.1177196273571822,-0.11865239978423536,-0.0013226056151669338,-0.0015283861336406867,"[-0.003642660645709784, 0.0005083674370101259]",-1.70122186462423,False,False,,52.7
H099,vol24,all,mlp,-0.11868225694455774,-0.11548983831008411,-0.001135502088468152,-0.0019004148527153653,"[-0.003917997692017005, 0.0001367678452994291]",-2.1736489742445735,False,False,,15.4
H100,vol24,all,gru,-0.11650818784194089,-0.1128629782137124,-0.0011069804148340432,-0.0017644813347765112,"[-0.0038693292602769683, 0.00020983319100087027]",-2.019831833186446,False,False,,121.4
