ts,run_id,hypothesis,tier,period,sharpe,mean_daily_net,n_trades,note
2026-09-26T16:13:47,DEV-1790406827,S1_rev4h_ls,confirmatory,DEV,-2.6986187786680844,-0.0113885181171067,10200.0,
2026-09-26T16:13:47,DEV-1790406827,S2_lowvol_btc,confirmatory,DEV,-5.261830129501824,-0.0018634391433287,1870.0,
2026-09-26T16:13:47,DEV-1790406827,S4_tsmom28,confirmatory,DEV,-0.2286194462157008,-0.0002499796487979,2031.0,
2026-09-26T16:13:47,DEV-1790406827,S5_breakout8,confirmatory,DEV,-2.3391900074388143,-0.0060264648431602,1569.0,
2026-09-26T16:13:47,DEV-1790406827,S6_funding_carry,confirmatory,DEV,17.154317013581224,0.0006718824890501,,
2026-09-26T16:13:47,DEV-1790406827,S7_pump_fade,confirmatory,DEV,0.310088103364895,0.0006645135271857,1715.0,
2026-09-26T16:13:47,DEV-1790406827,S9_ml_rank,confirmatory,DEV,-0.299825183541634,-0.000699716404139,3160.0,
2026-09-26T16:13:47,DEV-1790406827,C1_random_long,control,DEV,1.1209351961315042,0.0026282470811842,1700.0,
2026-09-26T16:13:47,DEV-1790406827,C2_pump_chase,control,DEV,-2.4828909335954688,-0.0031841504482117,1715.0,
2026-09-26T16:28:22,DEV-1790407702,S1_rev4h_ls,confirmatory,DEV,-2.6986187786680844,-0.0113885181171067,10200.0,
2026-09-26T16:28:22,DEV-1790407702,S2_lowvol_btc,confirmatory,DEV,-5.261830129501824,-0.0018634391433287,1870.0,
2026-09-26T16:28:22,DEV-1790407702,S4_tsmom28,confirmatory,DEV,-0.2286194462157008,-0.0002499796487979,2031.0,
2026-09-26T16:28:22,DEV-1790407702,S5_breakout8,confirmatory,DEV,-2.3391900074388143,-0.0060264648431602,1569.0,
2026-09-26T16:28:22,DEV-1790407702,S6_funding_carry,confirmatory,DEV,-1.8836832033492712,-0.0039316306423282,,
2026-09-26T16:28:22,DEV-1790407702,S7_pump_fade,confirmatory,DEV,0.310088103364895,0.0006645135271857,1715.0,
2026-09-26T16:28:22,DEV-1790407702,S9_ml_rank,confirmatory,DEV,-0.299825183541634,-0.000699716404139,3160.0,
2026-09-26T16:28:22,DEV-1790407702,C1_random_long,control,DEV,1.1209351961315042,0.0026282470811842,1700.0,
2026-09-26T16:28:22,DEV-1790407702,C2_pump_chase,control,DEV,-2.4828909335954688,-0.0031841504482117,1715.0,
2026-09-26T16:40:34,OOT-1790408434,S1_rev4h_ls,confirmatory,OOT,-1.6806744320703702,-0.0068877412245486,19620.0,
2026-09-26T16:40:34,OOT-1790408434,S2_lowvol_btc,confirmatory,OOT,-5.531070344988166,-0.0023085742604313,3597.0,
2026-09-26T16:40:34,OOT-1790408434,S4_tsmom28,confirmatory,OOT,-0.005178422907695,-6.571705387729187e-06,5416.0,
2026-09-26T16:40:34,OOT-1790408434,S5_breakout8,confirmatory,OOT,0.7534947876458724,0.002072043072467,2524.0,
2026-09-26T16:40:34,OOT-1790408434,S6_funding_carry,confirmatory,OOT,-0.8388370620004604,-0.0014850295527533,,
2026-09-26T16:40:34,OOT-1790408434,S7_pump_fade,confirmatory,OOT,-1.4327966030630626,-0.0025533657098929,2360.0,
2026-09-26T16:40:34,OOT-1790408434,S9_ml_rank,confirmatory,OOT,-1.4057996553236063,-0.0025907492204152,6420.0,
2026-09-26T16:40:34,OOT-1790408434,C1_random_long,control,OOT,-0.7736521013685427,-0.0021166089887931,3270.0,
2026-09-26T16:40:34,OOT-1790408434,C2_pump_chase,control,OOT,-1.1283594497446747,-0.0010600672484676,2360.0,
2026-09-26T20:11:51,DEV-1790421111,R1_pump_ride_trail,confirmatory,DEV,0.8133420112407825,0.0022253622391798,1715.0,
2026-09-26T20:11:51,DEV-1790421111,R2_pump_ride_10,confirmatory,DEV,-2.28105670090471,-0.0042913413182535,1715.0,
2026-09-26T20:11:56,OOT-1790421116,R1_pump_ride_trail,confirmatory,OOT,0.0261349666980441,5.919660616239113e-05,2360.0,
2026-09-26T20:11:56,OOT-1790421116,R2_pump_ride_10,confirmatory,OOT,-0.3927091968599875,-0.0005900827051772,2360.0,
2026-09-26T21:43:45,EVT-1790426625,E1_upbit_krw_listing_speed,confirmatory,2025-03..2026-09,,0.0057550893691791,97.0,per-trade mean
2026-09-26T21:45:00,EVT-1790426700,E1_upbit_krw_listing_speed,confirmatory,2025-03..2026-09,,0.0057550893691791,97.0,per-trade mean
2026-09-26T21:45:00,EVT-1790426700,E2_binance_futures_delist_squeeze,confirmatory,2025-03..2026-09,,-0.2447404871269627,52.0,per-trade mean
2026-09-26T21:48:23,EVT-1790426903,E1b_upbit_listing_2s,confirmatory,2025-03..2026-09,,0.112024807313883,93.0,per-trade mean
2026-09-27T02:43:11,B2-1790444591,B2_P1_L_1h,confirmatory,2025-03..2026-09,,-0.0029949944548291,5323.0,per-trade mean
2026-09-27T02:43:11,B2-1790444591,B2_P1_L_4h,confirmatory,2025-03..2026-09,,-0.0017539228092458,5323.0,per-trade mean
2026-09-27T02:43:11,B2-1790444591,B2_P1_L_24h,confirmatory,2025-03..2026-09,,-0.0007801646894516,5323.0,per-trade mean
2026-09-27T02:43:11,B2-1790444591,B2_P1_S_1h,confirmatory,2025-03..2026-09,,-0.0015805456541319,5323.0,per-trade mean
2026-09-27T02:43:11,B2-1790444591,B2_P1_S_4h,confirmatory,2025-03..2026-09,,-0.0028216172997152,5323.0,per-trade mean
2026-09-27T02:43:11,B2-1790444591,B2_P1_S_24h,confirmatory,2025-03..2026-09,,-0.0037953754195094,5323.0,per-trade mean
2026-09-27T02:43:11,B2-1790444591,B2_P4_L_1h,confirmatory,2025-03..2026-09,,-0.0023641142759068,3528.0,per-trade mean
2026-09-27T02:43:11,B2-1790444591,B2_P4_L_4h,confirmatory,2025-03..2026-09,,-0.0039724428666758,3528.0,per-trade mean
2026-09-27T02:43:11,B2-1790444591,B2_P4_L_24h,confirmatory,2025-03..2026-09,,-0.00194746117277,3528.0,per-trade mean
2026-09-27T02:43:11,B2-1790444591,B2_P4_S_1h,confirmatory,2025-03..2026-09,,-0.0017540263136623,3528.0,per-trade mean
2026-09-27T02:43:11,B2-1790444591,B2_P4_S_4h,confirmatory,2025-03..2026-09,,-0.0001456977228933,3528.0,per-trade mean
2026-09-27T02:43:11,B2-1790444591,B2_P4_S_24h,confirmatory,2025-03..2026-09,,-0.0021706794167991,3528.0,per-trade mean
2026-09-27T02:43:11,B2-1790444591,B2_P24_L_1h,confirmatory,2025-03..2026-09,,-0.0032449740037676,4013.0,per-trade mean
2026-09-27T02:43:11,B2-1790444591,B2_P24_L_4h,confirmatory,2025-03..2026-09,,-0.0052254474335542,4013.0,per-trade mean
2026-09-27T02:43:11,B2-1790444591,B2_P24_L_24h,confirmatory,2025-03..2026-09,,-0.0002971813450314,4013.0,per-trade mean
2026-09-27T02:43:11,B2-1790444591,B2_P24_S_1h,confirmatory,2025-03..2026-09,,-0.0006050135367257,4013.0,per-trade mean
2026-09-27T02:43:11,B2-1790444591,B2_P24_S_4h,confirmatory,2025-03..2026-09,,0.0013754598930608,4013.0,per-trade mean
2026-09-27T02:43:11,B2-1790444591,B2_P24_S_24h,confirmatory,2025-03..2026-09,,-0.0035528061954619,4013.0,per-trade mean
2026-09-27T02:43:11,B2-1790444591,B2_D1_L_1h,confirmatory,2025-03..2026-09,,-0.002873457543852,3896.0,per-trade mean
2026-09-27T02:43:11,B2-1790444591,B2_D1_L_4h,confirmatory,2025-03..2026-09,,0.0004298538644629,3896.0,per-trade mean
2026-09-27T02:43:11,B2-1790444591,B2_D1_L_24h,confirmatory,2025-03..2026-09,,0.0058905810066945,3896.0,per-trade mean
2026-09-27T02:43:11,B2-1790444591,B2_D1_S_1h,confirmatory,2025-03..2026-09,,-0.0013486163781191,3896.0,per-trade mean
2026-09-27T02:43:11,B2-1790444591,B2_D1_S_4h,confirmatory,2025-03..2026-09,,-0.0046519277864342,3896.0,per-trade mean
2026-09-27T02:43:11,B2-1790444591,B2_D1_S_24h,confirmatory,2025-03..2026-09,,-0.0101126549286658,3896.0,per-trade mean
2026-09-27T02:43:11,B2-1790444591,B2_D24_L_1h,confirmatory,2025-03..2026-09,,0.0033844454737989,2474.0,per-trade mean
2026-09-27T02:43:11,B2-1790444591,B2_D24_L_4h,confirmatory,2025-03..2026-09,,0.0092262069078249,2474.0,per-trade mean
2026-09-27T02:43:11,B2-1790444591,B2_D24_L_24h,confirmatory,2025-03..2026-09,,0.020020741284632,2474.0,per-trade mean
2026-09-27T02:43:11,B2-1790444591,B2_D24_S_1h,confirmatory,2025-03..2026-09,,-0.0073213896936857,2474.0,per-trade mean
2026-09-27T02:43:11,B2-1790444591,B2_D24_S_4h,confirmatory,2025-03..2026-09,,-0.0131631511277117,2474.0,per-trade mean
2026-09-27T02:43:11,B2-1790444591,B2_D24_S_24h,confirmatory,2025-03..2026-09,,-0.0239576855045188,2474.0,per-trade mean
2026-09-27T02:43:11,B2-1790444591,B2_BH_L_1h,confirmatory,2025-03..2026-09,,-0.0020975625553594,9586.0,per-trade mean
2026-09-27T02:43:11,B2-1790444591,B2_BH_L_4h,confirmatory,2025-03..2026-09,,-0.0022561807298634,9586.0,per-trade mean
2026-09-27T02:43:11,B2-1790444591,B2_BH_L_24h,confirmatory,2025-03..2026-09,,-0.0038555942812196,9586.0,per-trade mean
2026-09-27T02:43:11,B2-1790444591,B2_BH_S_1h,confirmatory,2025-03..2026-09,,-0.0034559112606221,9586.0,per-trade mean
2026-09-27T02:43:11,B2-1790444591,B2_BH_S_4h,confirmatory,2025-03..2026-09,,-0.0032972930861182,9586.0,per-trade mean
2026-09-27T02:43:11,B2-1790444591,B2_BH_S_24h,confirmatory,2025-03..2026-09,,-0.0016978795347619,9586.0,per-trade mean
2026-09-27T02:43:11,B2-1790444591,B2_BL_L_1h,confirmatory,2025-03..2026-09,,-0.0052660119371816,15879.0,per-trade mean
2026-09-27T02:43:11,B2-1790444591,B2_BL_L_4h,confirmatory,2025-03..2026-09,,-0.0073905390106692,15879.0,per-trade mean
2026-09-27T02:43:11,B2-1790444591,B2_BL_L_24h,confirmatory,2025-03..2026-09,,-0.0031309973050465,15879.0,per-trade mean
2026-09-27T02:43:11,B2-1790444591,B2_BL_S_1h,confirmatory,2025-03..2026-09,,-0.0017305495591342,15879.0,per-trade mean
2026-09-27T02:43:11,B2-1790444591,B2_BL_S_4h,confirmatory,2025-03..2026-09,,0.0003939775143533,15879.0,per-trade mean
2026-09-27T02:43:11,B2-1790444591,B2_BL_S_24h,confirmatory,2025-03..2026-09,,-0.0038655641912693,15879.0,per-trade mean
2026-09-27T02:43:11,B2-1790444591,B2_VS_L_1h,confirmatory,2025-03..2026-09,,-0.002476729398819,26671.0,per-trade mean
2026-09-27T02:43:11,B2-1790444591,B2_VS_L_4h,confirmatory,2025-03..2026-09,,-0.001819056671519,26671.0,per-trade mean
2026-09-27T02:43:11,B2-1790444591,B2_VS_L_24h,confirmatory,2025-03..2026-09,,-0.0016724308015055,26671.0,per-trade mean
2026-09-27T02:43:11,B2-1790444591,B2_VS_S_1h,confirmatory,2025-03..2026-09,,-0.00419732106798,26671.0,per-trade mean
2026-09-27T02:43:11,B2-1790444591,B2_VS_S_4h,confirmatory,2025-03..2026-09,,-0.00485499379528,26671.0,per-trade mean
2026-09-27T02:43:11,B2-1790444591,B2_VS_S_24h,confirmatory,2025-03..2026-09,,-0.0050016196652936,26671.0,per-trade mean
2026-09-27T02:43:11,B2-1790444591,B2_SQ_L_1h,confirmatory,2025-03..2026-09,,-0.0029778528163161,3152.0,per-trade mean
2026-09-27T02:43:11,B2-1790444591,B2_SQ_L_4h,confirmatory,2025-03..2026-09,,-0.0028328304995136,3152.0,per-trade mean
2026-09-27T02:43:11,B2-1790444591,B2_SQ_L_24h,confirmatory,2025-03..2026-09,,-0.0007580657842863,3152.0,per-trade mean
2026-09-27T02:43:11,B2-1790444591,B2_SQ_S_1h,confirmatory,2025-03..2026-09,,-0.0045602395096055,2630.0,per-trade mean
2026-09-27T02:43:11,B2-1790444591,B2_SQ_S_4h,confirmatory,2025-03..2026-09,,-0.0038491217035035,2630.0,per-trade mean
2026-09-27T02:43:11,B2-1790444591,B2_SQ_S_24h,confirmatory,2025-03..2026-09,,-0.0015583959922835,2630.0,per-trade mean
2026-09-27T02:43:11,B2-1790444591,B2_BT_L_1h,confirmatory,2025-03..2026-09,,-0.0038573022460536,186.0,per-trade mean
2026-09-27T02:43:11,B2-1790444591,B2_BT_L_4h,confirmatory,2025-03..2026-09,,-0.0024811870797692,186.0,per-trade mean
2026-09-27T02:43:11,B2-1790444591,B2_BT_L_24h,confirmatory,2025-03..2026-09,,0.0016654959696405,186.0,per-trade mean
2026-09-27T02:43:11,B2-1790444591,B2_BT_S_1h,confirmatory,2025-03..2026-09,,-0.0017563499573539,177.0,per-trade mean
2026-09-27T02:43:11,B2-1790444591,B2_BT_S_4h,confirmatory,2025-03..2026-09,,-0.0006706934635382,177.0,per-trade mean
2026-09-27T02:43:11,B2-1790444591,B2_BT_S_24h,confirmatory,2025-03..2026-09,,-0.0204216919376546,177.0,per-trade mean
2026-09-27T02:43:11,B2-1790444591,B2_FU_L_1h,confirmatory,2025-03..2026-09,,-0.0040322058197659,11355.0,per-trade mean
2026-09-27T02:43:11,B2-1790444591,B2_FU_L_4h,confirmatory,2025-03..2026-09,,-0.0036346796009144,11355.0,per-trade mean
2026-09-27T02:43:11,B2-1790444591,B2_FU_L_24h,confirmatory,2025-03..2026-09,,0.0008054731700796,11355.0,per-trade mean
2026-09-27T02:43:11,B2-1790444591,B2_FU_S_1h,confirmatory,2025-03..2026-09,,-0.0030371117290411,2804.0,per-trade mean
2026-09-27T02:43:11,B2-1790444591,B2_FU_S_4h,confirmatory,2025-03..2026-09,,-0.0016956318956741,2804.0,per-trade mean
2026-09-27T02:43:11,B2-1790444591,B2_FU_S_24h,confirmatory,2025-03..2026-09,,-0.0080148186230311,2804.0,per-trade mean
2026-09-27T02:43:11,B2-1790444591,B2_TK_L_1h,confirmatory,2025-03..2026-09,,-0.0030346506079042,1495.0,per-trade mean
2026-09-27T02:43:11,B2-1790444591,B2_TK_L_4h,confirmatory,2025-03..2026-09,,-0.0018697888490214,1495.0,per-trade mean
2026-09-27T02:43:11,B2-1790444591,B2_TK_L_24h,confirmatory,2025-03..2026-09,,0.0003765143150556,1495.0,per-trade mean
2026-09-27T02:43:11,B2-1790444591,B2_TK_S_1h,confirmatory,2025-03..2026-09,,-0.0036741180874,3359.0,per-trade mean
2026-09-27T02:43:11,B2-1790444591,B2_TK_S_4h,confirmatory,2025-03..2026-09,,-0.0047913490077858,3359.0,per-trade mean
2026-09-27T02:43:11,B2-1790444591,B2_TK_S_24h,confirmatory,2025-03..2026-09,,-0.005278038191546,3359.0,per-trade mean
2026-09-27T02:43:11,B2-1790444591,B2_NL_L_1h,confirmatory,2025-03..2026-09,,-0.0029183222412899,88.0,per-trade mean
2026-09-27T02:43:11,B2-1790444591,B2_NL_L_4h,confirmatory,2025-03..2026-09,,-0.0179820050423324,88.0,per-trade mean
2026-09-27T02:43:11,B2-1790444591,B2_NL_L_24h,confirmatory,2025-03..2026-09,,-0.0309231184811527,88.0,per-trade mean
2026-09-27T02:43:11,B2-1790444591,B2_NL_S_1h,confirmatory,2025-03..2026-09,,-0.0007089504859827,88.0,per-trade mean
2026-09-27T02:43:11,B2-1790444591,B2_NL_S_4h,confirmatory,2025-03..2026-09,,0.0143547323150597,88.0,per-trade mean
2026-09-27T02:43:11,B2-1790444591,B2_NL_S_24h,confirmatory,2025-03..2026-09,,0.02729584575388,88.0,per-trade mean
2026-09-27T02:43:11,B2-1790444591,B2_RV_L_1h,confirmatory,2025-03..2026-09,,-0.0019459219510108,3272.0,per-trade mean
2026-09-27T02:43:11,B2-1790444591,B2_RV_L_4h,confirmatory,2025-03..2026-09,,-0.0022327181716929,3272.0,per-trade mean
2026-09-27T02:43:11,B2-1790444591,B2_RV_L_24h,confirmatory,2025-03..2026-09,,0.0056194344053914,3272.0,per-trade mean
2026-09-27T02:43:11,B2-1790444591,B2_RV_S_1h,confirmatory,2025-03..2026-09,,-0.0021935646015564,3272.0,per-trade mean
2026-09-27T02:43:11,B2-1790444591,B2_RV_S_4h,confirmatory,2025-03..2026-09,,-0.0019067683808743,3272.0,per-trade mean
2026-09-27T02:43:11,B2-1790444591,B2_RV_S_24h,confirmatory,2025-03..2026-09,,-0.0097589209579587,3272.0,per-trade mean
2026-09-27T02:43:11,B2-1790444591,B2_BR_L_1h,confirmatory,2025-03..2026-09,,-0.0026730207463271,471.0,per-trade mean
2026-09-27T02:43:11,B2-1790444591,B2_BR_L_4h,confirmatory,2025-03..2026-09,,-0.0072562159704876,471.0,per-trade mean
2026-09-27T02:43:11,B2-1790444591,B2_BR_L_24h,confirmatory,2025-03..2026-09,,-0.0150413470229892,471.0,per-trade mean
2026-09-27T02:43:11,B2-1790444591,B2_P1_L_4h_liq,confirmatory,2025-03..2026-09,,-6.61581764399546e-05,3873.0,per-trade mean
2026-09-27T02:43:11,B2-1790444591,B2_P1_S_4h_liq,confirmatory,2025-03..2026-09,,-0.0034650579351014,3873.0,per-trade mean
2026-09-27T02:43:11,B2-1790444591,B2_P1_L_4h_illiq,confirmatory,2025-03..2026-09,,-0.006182429476027,318.0,per-trade mean
2026-09-27T02:43:11,B2-1790444591,B2_P1_S_4h_illiq,confirmatory,2025-03..2026-09,,-0.0038175705239729,318.0,per-trade mean
2026-09-27T02:43:11,B2-1790444591,B2_P1_L_4h_first,confirmatory,2025-03..2026-09,,-0.0080589358858397,1810.0,per-trade mean
2026-09-27T02:43:11,B2-1790444591,B2_P1_S_4h_first,confirmatory,2025-03..2026-09,,0.0028724165488231,1810.0,per-trade mean
2026-09-27T02:43:11,B2-1790444591,B2_P1_L_4h_repeat,confirmatory,2025-03..2026-09,,0.0012627331045908,3937.0,per-trade mean
2026-09-27T02:43:11,B2-1790444591,B2_P1_S_4h_repeat,confirmatory,2025-03..2026-09,,-0.005463596706318,3937.0,per-trade mean
2026-09-27T02:43:11,B2-1790444591,B2_P1_L_4h_btcup,confirmatory,2025-03..2026-09,,-0.0028090246872506,3091.0,per-trade mean
2026-09-27T02:43:11,B2-1790444591,B2_P1_S_4h_btcup,confirmatory,2025-03..2026-09,,-0.0016697847595303,3091.0,per-trade mean
2026-09-27T02:43:11,B2-1790444591,B2_P1_L_4h_btcdn,confirmatory,2025-03..2026-09,,0.0005800205893775,2690.0,per-trade mean
2026-09-27T02:43:11,B2-1790444591,B2_P1_S_4h_btcdn,confirmatory,2025-03..2026-09,,-0.0050542213328719,2690.0,per-trade mean
2026-09-27T02:43:11,B2-1790444591,B2_P1_L_4h_fundneg,confirmatory,2025-03..2026-09,,-0.0019294872328152,1928.0,per-trade mean
2026-09-27T02:43:11,B2-1790444591,B2_P1_S_4h_fundneg,confirmatory,2025-03..2026-09,,-0.0019447866261059,1928.0,per-trade mean
2026-09-27T02:43:11,B2-1790444591,B2_P1_L_4h_vs10,confirmatory,2025-03..2026-09,,-0.0046822868330057,2845.0,per-trade mean
2026-09-27T02:43:11,B2-1790444591,B2_P1_S_4h_vs10,confirmatory,2025-03..2026-09,,-0.0002376428682244,2845.0,per-trade mean
2026-09-27T02:46:36,B2N-1790444796,B2_N1_upbit_warning_short,confirmatory,2025-03..2026-09,,0.0269186156942349,26.0,per-trade mean
2026-09-27T02:46:36,B2N-1790444796,B2_N2_upbit_delist_short,confirmatory,2025-03..2026-09,,0.0608886610003281,12.0,per-trade mean
2026-09-27T02:46:36,B2N-1790444796,B2_N3_binance_spot_listing_long,confirmatory,2025-03..2026-09,,0.2090305924506162,21.0,per-trade mean
2026-09-27T02:46:36,B2N-1790444796,B2_N4_new_perp_short_72h,confirmatory,2025-03..2026-09,,0.0346780142833277,97.0,per-trade mean
2026-09-27T02:46:36,B2N-1790444796,B2_N5_upbit_warning_lifted_long,confirmatory,2025-03..2026-09,,-0.0327068219228622,7.0,per-trade mean
2026-09-27T03:02:21,B2M-1790445741,B2_M1_pump,confirmatory,test 2026-01..09,,0.0058749904214874,2889.0,auc_test=0.521
2026-09-27T03:02:21,B2M-1790445741,B2_M2_pump,confirmatory,test 2026-01..09,,0.0008208088953169,2669.0,auc_test=0.529
2026-09-27T03:02:21,B2M-1790445741,B2_M3_pump,confirmatory,test 2026-01..09,,0.0016509967554095,2665.0,auc_test=0.511
2026-09-27T03:02:21,B2M-1790445741,B2_M4_pump,confirmatory,test 2026-01..09,,-0.0061628720663669,2826.0,auc_test=0.504
2026-09-27T03:02:21,B2M-1790445741,B2_M5_pump,confirmatory,test 2026-01..09,,-0.0059295724773576,2859.0,auc_test=0.517
2026-09-27T03:02:21,B2M-1790445741,B2_M6_pump,confirmatory,test 2026-01..09,,-0.0047617584466497,3000.0,auc_test=0.489
2026-09-27T03:02:21,B2M-1790445741,B2_M7_pump,confirmatory,test 2026-01..09,,0.0075011508115545,2832.0,auc_test=0.531
2026-09-27T03:02:21,B2M-1790445741,B2_M8_pump,confirmatory,test 2026-01..09,,0.005986180136743,2562.0,auc_test=0.536
2026-09-27T03:02:21,B2M-1790445741,B2_M1_dump,confirmatory,test 2026-01..09,,-0.0049155584082122,1892.0,auc_test=0.475
2026-09-27T03:02:21,B2M-1790445741,B2_M2_dump,confirmatory,test 2026-01..09,,-0.0007302988264419,1771.0,auc_test=0.502
2026-09-27T03:02:21,B2M-1790445741,B2_M3_dump,confirmatory,test 2026-01..09,,-0.0035329180306336,1948.0,auc_test=0.507
2026-09-27T03:02:21,B2M-1790445741,B2_M4_dump,confirmatory,test 2026-01..09,,-0.0113281611056065,1884.0,auc_test=0.468
2026-09-27T03:02:21,B2M-1790445741,B2_M5_dump,confirmatory,test 2026-01..09,,-0.0070227474950057,1984.0,auc_test=0.455
2026-09-27T03:02:21,B2M-1790445741,B2_M6_dump,confirmatory,test 2026-01..09,,-0.013805364506483,1815.0,auc_test=0.454
2026-09-27T03:02:21,B2M-1790445741,B2_M7_dump,confirmatory,test 2026-01..09,,-0.0007285171020022,1845.0,auc_test=0.500
2026-09-27T03:02:21,B2M-1790445741,B2_M8_dump,confirmatory,test 2026-01..09,,-0.0074463736985214,1726.0,auc_test=0.493
2026-09-27T03:02:21,B2M-1790445741,B2_M1_brk,confirmatory,test 2026-01..09,,0.002645090331107,11027.0,auc_test=0.527
2026-09-27T03:02:21,B2M-1790445741,B2_M2_brk,confirmatory,test 2026-01..09,,-0.0007696250727126,13572.0,auc_test=0.518
2026-09-27T03:02:21,B2M-1790445741,B2_M3_brk,confirmatory,test 2026-01..09,,-0.0004960122231997,12759.0,auc_test=0.520
2026-09-27T03:02:21,B2M-1790445741,B2_M4_brk,confirmatory,test 2026-01..09,,-0.0013189286682033,12027.0,auc_test=0.517
2026-09-27T03:02:21,B2M-1790445741,B2_M5_brk,confirmatory,test 2026-01..09,,-0.0013645175537529,13673.0,auc_test=0.518
2026-09-27T03:02:21,B2M-1790445741,B2_M6_brk,confirmatory,test 2026-01..09,,-0.0022844695679509,13240.0,auc_test=0.518
2026-09-27T03:02:21,B2M-1790445741,B2_M7_brk,confirmatory,test 2026-01..09,,-0.0024752270909488,13352.0,auc_test=0.512
2026-09-27T03:02:21,B2M-1790445741,B2_M8_brk,confirmatory,test 2026-01..09,,-0.0007749257524921,13307.0,auc_test=0.524
2026-09-27T03:03:06,B2G-1790445786,B2_G1_xs_mlp,confirmatory,test 2026-01..09,,0.0026788895298583,5340.0,test_ric=0.1661
2026-09-27T03:12:16,B3-1790446336,B3_D24_L_24h_2024,confirmatory,2024-03..2025-02,,0.10400294073950735,811.0,per-trade mean
2026-09-27T03:12:16,B3-1790446336,B3_D24_L_4h_2024,confirmatory,2024-03..2025-02,,0.02142067842598762,811.0,per-trade mean
2026-09-27T03:12:16,B3-1790446336,B3_P24_S_4h_2024,confirmatory,2024-03..2025-02,,0.005508895086660544,791.0,per-trade mean
2026-09-27T03:12:16,B3-1790446336,B3_NL_S_24h_2024,confirmatory,2024-03..2025-02,,-0.012752218190404136,47.0,per-trade mean
2026-09-27T03:12:16,B3-1790446336,B3_FU_L_24h_2024,confirmatory,2024-03..2025-02,,0.0018376608095354396,1412.0,per-trade mean
2026-09-27T03:12:16,B3-1790446336,B3_N4_new_perp_short_72h_2024,confirmatory,2024-03..2025-02,,-0.033103007823228836,47.0,per-trade mean
2026-09-27T03:12:16,B3-1790446336,B3_M7_pump_2024,confirmatory,2024-03..2025-02,,0.005815869978740575,696.0,per-trade mean
2026-09-27T03:12:16,B3-1790446336,B3_M8_pump_2024,confirmatory,2024-03..2025-02,,0.006829673620880744,654.0,per-trade mean
2026-09-27T03:12:16,B3-1790446336,B3_M1_pump_2024,confirmatory,2024-03..2025-02,,-0.000925336999923167,744.0,per-trade mean
2026-09-27T03:12:16,B3-1790446336,B3_M2_pump_2024,confirmatory,2024-03..2025-02,,-0.0025223179879837504,733.0,per-trade mean
2026-09-27T03:12:16,B3-1790446336,B3_G1_xs_mlp_2024,confirmatory,2024-03..2025-02,,0.0005123852817354493,7240.0,per-trade mean
2026-09-27T03:12:16,B3-1790446336,B3_E1b_upbit_listing_2s_2024,confirmatory,2024-03..2025-02,,0.09765944308872154,24.0,per-trade mean
2026-09-27T03:12:16,B3-1790446336,B3_N1_upbit_warning_short_2024,confirmatory,2024-03..2025-02,,,0.0,per-trade mean
2026-09-27T03:12:16,B3-1790446336,B3_N2_upbit_delist_short_2024,confirmatory,2024-03..2025-02,,,0.0,per-trade mean
