code,date,day0_ar,car_1_10,car_1_3,car_4_10,short_net,hold
1000PEPEUSDT,2024-11-15,0.07124359905719757,-0.4091138243675232,-0.22322142124176025,-0.18589240312576294,0.41484108567237854,False
1000SHIBUSDT,2024-06-08,0.019369050860404968,0.004795796237885952,-0.001010652631521225,0.005806448869407177,-0.0040967948734760284,False
1000XECUSDT,2024-06-08,0.004861578345298767,-0.03105413168668747,0.008787397295236588,-0.039841532707214355,0.03195621073246002,False
1INCHUSDT,2024-06-08,0.01867757737636566,0.13559240102767944,-0.03155982121825218,0.16715222597122192,-0.13435371220111847,False
AAVEUSDT,2024-06-08,-0.006798461079597473,0.12391347438097,0.01096433773636818,0.11294913291931152,-0.12216228991746902,False
ADAUSDT,2024-06-08,0.012334570288658142,0.11821121722459793,0.03319263830780983,0.0850185751914978,-0.1169365867972374,False
AEROUSDT,2025-08-23,0.005890371277928352,-0.17526447772979736,-0.037881720811128616,-0.13738274574279785,0.17740480601787567,True
AGLDUSDT,2024-11-14,-0.23336587846279144,-0.3583231568336487,-0.052155785262584686,-0.3061673641204834,0.36342352628707886,False
ALGOUSDT,2024-06-08,-0.01031447947025299,0.03818506747484207,0.02493620291352272,0.013248864561319351,-0.03698273003101349,False
ALTUSDT,2025-06-17,0.06940227746963501,-0.2155430167913437,-0.006731342524290085,-0.2088116705417633,0.19432510435581207,False
ANKRUSDT,2024-06-08,-0.004252210259437561,-0.021697036921977997,0.01482326164841652,-0.036520302295684814,0.023469427600502968,False
API3USDT,2025-08-20,-0.001676749438047409,-0.22040806710720062,-0.02078372985124588,-0.19962432980537415,0.13564477860927582,True
APTUSDT,2024-06-08,-0.013745799660682678,0.07915479689836502,0.05023372545838356,0.028921067714691162,-0.07808450609445572,False
ARBUSDT,2024-06-08,0.009857699275016785,0.05407584458589554,0.035634998232126236,0.018440846353769302,-0.052505046129226685,False
ARKMUSDT,2025-03-12,-0.014687206596136093,0.13129931688308716,-0.022598261013627052,0.15389758348464966,-0.1346437931060791,False
ARKUSDT,2024-06-08,-0.0010922104120254517,0.06936806440353394,0.09493499994277954,-0.02556692808866501,-0.0702739953994751,False
ASTRUSDT,2024-06-08,0.005760356783866882,0.011871881783008575,0.05058920755982399,-0.03871732950210571,-0.011635041795670986,False
ATOMUSDT,2024-06-08,-0.0017658621072769165,0.1007549837231636,0.03665143623948097,0.06410354375839233,-0.10185424238443375,False
AUCTIONUSDT,2024-06-08,0.010371491312980652,0.09495498239994049,0.04992831125855446,0.04502668231725693,-0.09342662990093231,False
AVAXUSDT,2024-06-08,0.0032145828008651733,0.058817990124225616,0.04529011622071266,0.013527872040867805,-0.05721874162554741,False
AXLUSDT,2025-06-11,-0.0010744072496891022,-0.06645870208740234,-0.03896240517497063,-0.027496300637722015,-0.007854128256440163,False
AXSUSDT,2024-06-08,-0.019465342164039612,0.00706059392541647,-0.006112094968557358,0.013172687962651253,-0.015603626146912575,False
BABYUSDT,2026-06-06,-0.08405114710330963,-0.012486681342124939,-0.08396688103675842,0.07148019969463348,0.005502981133759022,True
BATUSDT,2024-06-08,-0.03353793919086456,0.10021901875734329,0.08084392547607422,0.019375087693333626,-0.0986713320016861,False
BCHUSDT,2024-06-08,0.023420855402946472,0.06267828494310379,0.01743495836853981,0.04524332657456398,-0.06580642610788345,False
BIGTIMEUSDT,2024-09-06,-0.04449261724948883,0.5039128661155701,0.04213053733110428,0.461782306432724,-0.5021675825119019,False
BIOUSDT,2025-10-21,-0.0924343541264534,-0.017574939876794815,-0.06412649899721146,0.04655156284570694,-0.12090475112199783,True
BLURUSDT,2024-06-08,-0.010757938027381897,-0.05347781628370285,0.029286090284585953,-0.0827639102935791,0.04509741812944412,False
BSBUSDT,2026-08-08,-0.05203668028116226,-0.17592185735702515,-0.13498182594776154,-0.04094000533223152,0.1795075684785843,True
BSVUSDT,2024-06-08,0.010391876101493835,-0.002857618033885956,-0.03360503539443016,0.030747413635253906,0.004478758201003075,False
BTCUSDT,2024-06-08,0.040161117911338806,0.18250232934951782,0.0378953255712986,0.14460700750350952,-0.18071997165679932,False
CAPUSDT,2026-08-07,0.17632447183132172,0.7670230269432068,0.23978182673454285,0.5272412300109863,-0.8205225467681885,True
CCUSDT,2026-04-16,-0.08060605823993683,0.046685073524713516,0.08999095857143402,-0.0433058924973011,-0.04530675336718559,True
CELOUSDT,2024-06-08,0.0082121342420578,0.028681881725788116,0.028629008680582047,5.287211388349533e-05,-0.026881881058216095,False
CFXUSDT,2026-08-01,0.02711276337504387,-0.07680616527795792,-0.08300565183162689,0.006199486553668976,0.07488226890563965,True
CHZUSDT,2024-06-08,-0.017263129353523254,-0.11046838760375977,0.0757259726524353,-0.18619436025619507,0.11182985454797745,False
CKBUSDT,2024-09-14,0.06959982216358185,0.032902590930461884,0.1715504676103592,-0.1386478692293167,-0.07488691061735153,False
COMPUSDT,2025-04-02,0.0838843584060669,-0.07812583446502686,0.014074224978685379,-0.09220005571842194,0.0766817107796669,False
COWUSDT,2025-02-26,-0.06400203704833984,-0.18733295798301697,-0.13873013854026794,-0.048602815717458725,0.1773715764284134,False
CRVUSDT,2026-08-22,0.011893171817064285,0.10578519105911255,-0.05364483222365379,0.15943002700805664,-0.10575941950082779,True
CYBERUSDT,2025-08-13,-0.0492740198969841,-0.16986387968063354,-0.10534582287073135,-0.06451807916164398,0.15471823513507843,True
DOGEUSDT,2024-06-08,0.02494727075099945,0.07417715340852737,0.012709204107522964,0.06146794557571411,-0.07300800830125809,False
DOODUSDT,2025-10-08,-0.09638138115406036,-0.011667594313621521,0.05119132995605469,-0.06285891681909561,-0.0774773508310318,True
DOTUSDT,2024-06-08,-0.000727728009223938,0.15004247426986694,0.06683492660522461,0.08320754766464233,-0.15014009177684784,False
EGLDUSDT,2024-06-08,0.0006007999181747437,0.08411479741334915,0.03328186646103859,0.050832927227020264,-0.0823451578617096,False
ENAUSDT,2025-07-12,-0.032519612461328506,0.3123181462287903,0.058846697211265564,0.2534714341163635,-0.31111636757850647,True
ENSUSDT,2024-07-10,-0.030060824006795883,-0.19225625693798065,-0.08240100741386414,-0.10985524952411652,0.19356824457645416,False
ETCUSDT,2024-06-08,0.032906755805015564,0.09555871039628983,0.023057762533426285,0.07250094413757324,-0.09587723761796951,False
ETHFIUSDT,2026-03-20,0.06655783206224442,-0.14766903221607208,-0.0817272812128067,-0.06594175845384598,0.14794696867465973,True
ETHUSDT,2024-06-08,0.041223034262657166,0.19063162803649902,0.016957763582468033,0.1736738681793213,-0.18893329799175262,False
EULUSDT,2026-07-27,-0.23051917552947998,-0.23986303806304932,-0.08089829981327057,-0.15896472334861755,0.13980861008167267,True
FILUSDT,2025-04-05,-0.01147268246859312,-0.051296938210725784,-0.025849997997283936,-0.02544694021344185,0.05161966383457184,False
FUSDT,2025-10-22,0.2407260239124298,0.18420793116092682,0.4643721878528595,-0.2801642119884491,-0.4948095977306366,True
GASUSDT,2024-06-08,-0.0116739422082901,0.04632360488176346,0.01607859507203102,0.030245007947087288,-0.044812191277742386,False
GLMUSDT,2024-06-08,-0.027468815445899963,0.09522474557161331,0.03394461050629616,0.061280131340026855,-0.10517803579568863,False
GMTUSDT,2024-06-08,-0.024080470204353333,0.01532793790102005,0.007844869047403336,0.007483072578907013,-0.013872691430151463,False
GRTUSDT,2024-06-08,0.018261119723320007,-0.02109801024198532,-0.019478019326925278,-0.001619991846382618,0.022678149864077568,False
HBARUSDT,2024-06-08,0.0007965415716171265,0.09979075938463211,0.034501973539590836,0.06528878211975098,-0.09842436760663986,False
HOMEUSDT,2026-08-05,-0.07331238687038422,0.0552147775888443,0.05994123965501785,-0.0047264620661735535,-0.16603626310825348,True
HYPERUSDT,2025-07-11,-0.03439304605126381,-0.5670163035392761,-0.2934599816799164,-0.27355635166168213,0.5418800711631775,True
ICPUSDT,2026-03-12,0.0047148121520876884,-0.10308846831321716,-0.01563560590147972,-0.08745286613702774,0.09546356648206711,True
ICXUSDT,2024-06-08,-0.024315014481544495,-0.0034403130412101746,0.025796178728342056,-0.02923649549484253,0.004539173096418381,False
IDUSDT,2024-06-08,-0.011157110333442688,-0.07728027552366257,-0.003159698098897934,-0.07412058115005493,0.07886815816164017,False
IMXUSDT,2024-06-08,-0.018331661820411682,-0.04160439223051071,-0.012171681970357895,-0.029432710260152817,0.04293791949748993,False
INJUSDT,2024-10-18,-0.005360458046197891,-0.06270791590213776,-0.04666522145271301,-0.01604270003736019,0.06384884566068649,False
INUSDT,2025-10-11,-0.16122646629810333,-0.23194777965545654,-0.09771369397640228,-0.13423407077789307,0.17769993841648102,True
IOSTUSDT,2024-06-08,-0.016783371567726135,0.07343477755784988,0.04906964674592018,0.024365127086639404,-0.0729450136423111,False
IOTAUSDT,2024-06-08,-0.010060980916023254,0.021948225796222687,0.006275419145822525,0.015672806650400162,-0.020214859396219254,False
IOUSDT,2026-05-30,0.08057571947574615,-0.008906915783882141,-0.09565593302249908,0.08674902468919754,0.0032286078203469515,True
IRYSUSDT,2026-05-16,-0.13532975316047668,-0.46524477005004883,-0.3034476339817047,-0.16179712116718292,0.38025858998298645,True
JTOUSDT,2025-02-22,-0.04797646030783653,-0.013633467257022858,-0.013085652142763138,-0.0005478188395500183,0.01259046234190464,False
JUPUSDT,2024-07-05,0.052505213767290115,-0.006857283413410187,-0.07053027302026749,0.0636729896068573,0.007177980616688728,False
KAVAUSDT,2024-06-08,0.03503058850765228,-0.10167037695646286,-0.015955444425344467,-0.08571493625640869,0.10312484204769135,False
KERNELUSDT,2025-10-29,-0.1377057433128357,-0.2935676574707031,-0.11127898097038269,-0.18228866159915924,0.27415457367897034,True
KMNOUSDT,2026-08-08,-0.07320687919855118,0.0891251266002655,0.039422255009412766,0.04970286414027214,-0.09545380622148514,True
KNCUSDT,2024-06-08,-0.004111841320991516,0.11454862356185913,0.17714941501617432,-0.06260079145431519,-0.11450260877609253,False
LAUSDT,2025-09-19,-0.02603655681014061,0.04663415253162384,0.060413993895053864,-0.013779852539300919,-0.07141002267599106,True
LINKUSDT,2024-06-08,0.01645861566066742,0.12132579833269119,0.008440498262643814,0.11288529634475708,-0.12023103982210159,False
LITUSDT,2026-08-25,-0.010419417172670364,0.3492043614387512,0.03583020344376564,0.3133741617202759,-0.34846368432044983,True
LPTUSDT,2025-05-31,-0.19393448531627655,-0.158440500497818,-0.23660725355148315,0.07816676795482635,0.07722271978855133,False
LSKUSDT,2024-06-08,-0.015721753239631653,-0.01378648728132248,0.004419926553964615,-0.018206417560577393,0.0155864879488945,False
MANAUSDT,2024-06-08,-0.014865711331367493,0.015285976231098175,0.021253470331430435,-0.005967495962977409,-0.013909661211073399,False
MASKUSDT,2024-06-08,-0.012825146317481995,0.00012559443712234497,0.027152542024850845,-0.0270269513130188,0.001321589108556509,False
MEGAUSDT,2026-05-01,-0.06041605770587921,-0.4197966456413269,-0.2624787390232086,-0.1573178917169571,0.4064624011516571,True
MEWUSDT,2024-10-22,-0.006830725818872452,0.15954360365867615,0.24184539914131165,-0.0823017880320549,-0.15673789381980896,False
MINAUSDT,2024-06-08,-0.029739096760749817,-0.047099702060222626,-0.008718904107809067,-0.03838080167770386,0.04887263476848602,False
MONUSDT,2025-11-25,0.4936039447784424,-0.4064842164516449,-0.24587301909923553,-0.16061119735240936,0.40709543228149414,True
MOODENGUSDT,2025-07-04,0.02271736040711403,-0.10690978169441223,-0.01835724711418152,-0.0885525494813919,0.09565913677215576,True
MORPHOUSDT,2026-07-26,-0.02198072522878647,0.005467168986797333,0.07258492708206177,-0.06711775809526443,-0.009592756628990173,True
MTLUSDT,2024-06-08,-0.003922954201698303,-0.003198496997356415,0.01954496279358864,-0.022743459790945053,0.004981267265975475,False
NEARUSDT,2024-06-08,-0.004079714417457581,-0.06934022158384323,-0.01088380441069603,-0.0584564208984375,0.0707964152097702,False
NEOUSDT,2024-06-08,-0.008070603013038635,0.053832001984119415,0.03121817484498024,0.022613827139139175,-0.05243685469031334,False
ONDOUSDT,2024-06-15,-0.003937768749892712,0.1415906399488449,0.11130108684301376,0.030289553105831146,-0.14388395845890045,False
ONGUSDT,2024-06-08,-0.022911682724952698,0.025274761021137238,0.05634737387299538,-0.03107260912656784,-0.030205631628632545,False
ONTUSDT,2024-06-08,-0.019523635506629944,-0.04463987797498703,-0.03441363200545311,-0.01022624596953392,0.04643987491726875,False
OPGUSDT,2026-07-08,-0.03691639378666878,-0.10215497016906738,-0.018614184111356735,-0.08354078233242035,0.09915749728679657,True
OPUSDT,2025-07-29,-0.03187040984630585,0.019420240074396133,-0.021865861490368843,0.041286103427410126,-0.019992411136627197,True
ORBSUSDT,2024-06-08,-0.009399250149726868,-0.0027325600385665894,0.03744674101471901,-0.040179312229156494,0.004264679737389088,False
ORCAUSDT,2025-03-22,-0.12452223896980286,-0.15705451369285583,-0.19572369754314423,0.038669195026159286,0.06315703690052032,False
PENDLEUSDT,2024-08-07,-0.05840436369180679,-0.01163669303059578,-0.08617409318685532,0.07453739643096924,0.009165664203464985,False
PENGUUSDT,2025-05-10,-0.018361523747444153,-0.07557128369808197,-0.09646591544151306,0.020894628018140793,0.06864838302135468,False
PIEVERSEUSDT,2026-04-21,-0.07192273437976837,-0.2681894898414612,-0.13786229491233826,-0.13032719492912292,0.2692895233631134,True
PLUMEUSDT,2025-11-27,-0.08930812776088715,-0.045675162225961685,-0.0529966801404953,0.007321517914533615,0.01691550947725773,True
POLYXUSDT,2024-06-08,0.0037425607442855835,-0.01987343281507492,0.2201153039932251,-0.23998874425888062,0.019023548811674118,False
POWRUSDT,2024-06-08,-0.0005441457033157349,-0.0007699057459831238,0.01203787699341774,-0.012807782739400864,0.0022866856306791306,False
PROMUSDT,2026-08-13,-0.0212869830429554,0.0075752995908260345,-0.16125886142253876,0.1688341498374939,-0.05373741686344147,True
PUMPUSDT,2025-09-12,0.0010718666017055511,0.08027432858943939,0.4137529730796814,-0.3334786891937256,-0.07713213562965393,True
PYTHUSDT,2024-06-08,-0.018730953335762024,-0.05902229994535446,-0.00668620690703392,-0.05233609676361084,0.060539890080690384,False
QTUMUSDT,2024-06-08,-0.015681520104408264,0.04434735327959061,0.021979335695505142,0.022368015721440315,-0.04263005405664444,False
REDUSDT,2025-09-06,-0.011827530339360237,-0.23394763469696045,-0.0742998942732811,-0.15964774787425995,0.12416913360357285,True
RENDERUSDT,2024-12-06,-0.005397588014602661,-0.01305033266544342,0.01717243157327175,-0.030222762376070023,0.018100878223776817,False
RVNUSDT,2025-06-06,-0.12651926279067993,0.4371691346168518,0.3820607662200928,0.05510830134153366,-0.5017099380493164,False
SANDUSDT,2024-06-08,-0.015568628907203674,-0.014329127967357635,0.025090638548135757,-0.03941976651549339,0.015914225950837135,False
SEIUSDT,2024-06-08,-0.02673424780368805,-0.10082953423261642,-0.00814252719283104,-0.09268701076507568,0.09803888201713562,False
SENTUSDT,2026-01-30,0.09509466588497162,-0.03188259154558182,0.2413233518600464,-0.2732059359550476,-0.5667725205421448,True
SKRUSDT,2026-02-25,-0.17619313299655914,0.16000714898109436,0.0030281580984592438,0.15697899460792542,-0.20115749537944794,True
SKYUSDT,2026-04-01,0.016759829595685005,-0.06299391388893127,-0.04743989557027817,-0.015554016456007957,0.06299205869436264,True
SOLUSDT,2024-06-08,0.01176808774471283,0.1131175234913826,0.013558927923440933,0.09955859184265137,-0.11164481937885284,False
SOMIUSDT,2025-10-02,-0.11689743399620056,-0.0677439346909523,0.14421096444129944,-0.21195489168167114,-0.006311448290944099,True
SOONUSDT,2026-04-18,-0.09007386118173599,-0.07702148705720901,-0.12658053636550903,0.04955904185771942,0.01509820856153965,True
SPKUSDT,2026-04-24,-0.1526109278202057,-0.18481512367725372,-0.15962916612625122,-0.025185953825712204,0.1603032946586609,True
SPXUSDT,2026-06-17,0.09405406564474106,-0.08810629695653915,-0.08614855259656906,-0.0019577331840991974,0.08982192724943161,True
STEEMUSDT,2024-06-08,-0.004914537072181702,0.025608904659748077,0.039338771253824234,-0.013729866594076157,-0.02406805381178856,False
STXUSDT,2024-06-08,0.07907293736934662,-0.0651240274310112,0.040856484323740005,-0.10598050802946091,0.06663592159748077,False
SUIUSDT,2024-06-08,0.06206236779689789,-0.06471811980009079,-0.03769170865416527,-0.02702641300857067,0.06599508225917816,False
SUNUSDT,2025-09-23,-0.02894936501979828,-0.2544650435447693,-0.2037476748228073,-0.05071736127138138,0.2532423138618469,True
SUPERUSDT,2025-09-30,-0.07041388750076294,-0.12538106739521027,-0.07117081433534622,-0.05421026051044464,0.10496843606233597,True
SYRUPUSDT,2025-07-26,-0.04357365891337395,-0.05950018763542175,-0.1118035614490509,0.05230337381362915,0.057411473244428635,True
TAOUSDT,2026-02-17,-0.02110045589506626,-0.0054614488035440445,-0.03708377107977867,0.03162232041358948,0.00013241148553788662,True
THETAUSDT,2024-06-08,0.0012839287519454956,-0.043845705687999725,0.0041670240461826324,-0.048012733459472656,0.045302364975214005,False
TIAUSDT,2025-05-09,0.028871089220046997,-0.1007823795080185,-0.025196701288223267,-0.07558567076921463,0.10075344145298004,False
TREEUSDT,2025-08-29,-0.048911672085523605,-0.1180146187543869,-0.09870646893978119,-0.019308142364025116,0.10820969939231873,True
TRXUSDT,2024-06-08,0.05987261235713959,0.2498633861541748,0.08280450105667114,0.16705888509750366,-0.24872344732284546,False
TUSDT,2024-06-08,-0.011885419487953186,-0.05515342205762863,0.007224265486001968,-0.0623776912689209,0.05674545094370842,False
UNIUSDT,2024-10-23,0.023378755897283554,0.04046376049518585,0.013369373045861721,0.027094392105937004,-0.03871608152985573,False
USDCUSDT,2024-08-31,0.020757079124450684,-0.04049166664481163,0.04270445182919502,-0.08319611847400665,0.0396604910492897,False
VETUSDT,2024-06-08,0.0031936615705490112,0.03926355391740799,0.010325614362955093,0.028937939554452896,-0.03784084692597389,False
VIRTUALUSDT,2025-02-01,-0.08979048579931259,0.009309552609920502,0.06254339963197708,-0.05323383957147598,-0.007201452739536762,False
VVVUSDT,2026-05-13,-0.08471693843603134,0.34834036231040955,-0.015943290665745735,0.36428362131118774,-0.3544003367424011,True
WAXPUSDT,2024-06-08,-0.027472391724586487,-0.08172363042831421,-0.013169046491384506,-0.0685545802116394,0.07841596007347107,False
WIFUSDT,2026-05-07,-0.02047141268849373,-0.023494260385632515,0.006139850243926048,-0.029634110629558563,0.022303950041532516,True
WLDUSDT,2025-09-10,-0.06028822064399719,-0.2500978112220764,-0.20946797728538513,-0.040629830211400986,0.25141793489456177,True
WUSDT,2024-10-03,-0.059822458773851395,-0.12644250690937042,0.00023554638028144836,-0.12667804956436157,0.12722644209861755,False
XLMUSDT,2024-06-08,0.021124109625816345,0.17507123947143555,0.052621666342020035,0.12244957685470581,-0.1741434782743454,False
XPLUSDT,2025-09-26,-0.08794817328453064,-0.16398364305496216,0.04810117185115814,-0.2120848000049591,0.16647882759571075,True
XRPUSDT,2024-06-08,0.027972981333732605,0.24271541833877563,0.04236901178956032,0.20034641027450562,-0.2409733682870865,False
XTZUSDT,2024-06-08,-0.013174965977668762,0.15275365114212036,0.052285972982645035,0.10046768188476562,-0.15484507381916046,False
YGGUSDT,2025-10-16,-0.009432468563318253,-0.1783437430858612,-0.10744701325893402,-0.07089671492576599,0.1745189130306244,True
ZAMAUSDT,2026-04-15,-0.0754394382238388,-0.06628388166427612,-0.13188937306404114,0.06560547649860382,0.05994327366352081,True
ZETAUSDT,2024-06-08,0.014243289828300476,-0.03273283690214157,0.06064451113343239,-0.09337735176086426,0.034532833844423294,False
ZILUSDT,2024-06-08,-0.02789236605167389,0.03003872185945511,0.02106798067688942,0.00897073931992054,-0.028238721191883087,False
ZKUSDT,2026-01-07,-0.03298840671777725,0.02355947718024254,0.044567354023456573,-0.021007878705859184,-0.030670439824461937,True
ZORAUSDT,2025-10-18,-0.032354846596717834,-0.0721278190612793,0.07479064166545868,-0.14691847562789917,0.012217985466122627,True
ZRXUSDT,2024-06-08,-0.02025790512561798,-0.03351258486509323,0.023438815027475357,-0.05695140361785889,0.03502221778035164,False
