signal,sign,hml_ew_bp,t_ew,hml_vw_bp,t_vw,sharpe_ew,mr_p,fm_slope_bp,fm_t,dsort_t,dsort_big_t,alpha_bp,alpha_t,grs_p,turnover,net_bp,net_t,breakeven_bp,band_net_bp,band_net_t,lag1h_t,t_2024H2,t_2025,t_2026,avg_n_per_q,fm_p,bhy,holm,hlz_t3,subperiod_consistent,survivor
ret_1d,-1.0,-8.789458667010226,-0.9292169742167551,17.882464833093955,0.8582196009603897,0.6042055318881586,0.54,-15.989651144643805,-1.454823714701444,-0.747058790281874,-0.2571106173353862,12.874160068288933,1.3835114026923967,0.19925298747099185,0.7789141572814181,-10.466826331570475,-1.1102244237165904,5.642122809583647,-11.46291022435806,-2.780331325225914,0.3706888960686269,1.4059038515081346,0.4115398602662524,0.24775003551846186,48.53348571428572,0.1457180711508319,False,False,False,True,False
ret_7d,1.0,7.067285394691031,0.7450017773097438,42.414209536230594,2.010995638376076,0.46567534368350627,0.172,17.38312155162243,1.5893344523749449,1.0787998294060086,1.4056011710970697,-1.9262277631828773,-0.25895305556813436,0.5669542544772794,0.36224133960907046,-2.3827742824489704,-0.2509052632944054,9.754940452569576,-2.590594907267864,-0.6357477837693277,1.434838843730428,-1.295124786711734,1.1991886948599306,0.6669173224762004,48.53348571428572,0.11198490446705667,False,False,False,False,False
ret_21d,1.0,13.910639155396245,1.318973448326006,32.94550909690252,1.8234790791471733,0.8818162688009421,0.374,18.875146525343506,1.5671238554128637,1.2975934380384317,1.8973413640586518,0.5391099245999315,0.20265634702166158,0.02386646725213737,0.26421259155378224,6.688373725236508,0.6337138556133799,26.324708965591903,-1.1727325716533061,-0.2723898787056991,1.823351119124298,-1.301746331132185,1.9318977901073098,0.7995770017166426,48.53348571428572,0.11708574416911621,False,False,False,False,False
ret_28d,1.0,8.30796863987676,0.8241438274024648,16.58562057688912,0.9389395069892423,0.545961816402305,0.278,-1.8379938131156577,-0.13169387312530506,0.7881974653965924,1.8328515449992075,-2.8298896752639235,-0.6142151934193488,0.24446530647910247,0.2466157344325108,1.465514835914431,0.14523436341815768,16.843954946739885,-0.27425720814890964,-0.06368797173350171,1.343609813389615,-1.1491929212954,1.5236272058609175,0.3637691367863027,48.53348571428572,0.8952264318466572,False,False,False,False,False
rv_7d,1.0,12.157277381047606,1.110669915232711,10.98265233772283,0.547069271272195,0.6985101593689212,0.326,8.950145738146334,0.7144204116319206,1.1669046947196442,0.5750645180858501,7.965855719172282,0.745174677903027,0.2776322775254223,0.20731784140524973,6.360898751571625,0.5815835225588782,29.320383857565474,-0.14525023275312435,-0.03056869322422206,1.348489277400833,-0.523596219574515,1.2704758068383926,0.7372733535928712,48.53348571428572,0.47496725400905637,False,False,False,False,False
size_adv30,-1.0,-5.034720216146005,-0.6582069785668795,0.48942242159753463,0.061687129002108286,0.40590980823450795,0.266,-1.5456268062047225,-0.1869920202214356,1.1817254566760471,1.4184416063051983,2.514753024035408,0.8336433222733347,0.5870358294685631,0.2710825387213877,-3.825030203221943,-0.499283334301954,9.286323346190462,-3.524054273290812,-1.1199006379001337,0.6802912573493824,0.11053601765172717,0.20459209957791025,0.6750195434179235,48.53348571428572,0.8516668895368198,False,False,False,True,False
beta_30d,-1.0,-15.839822420946023,-1.3201827484371176,-3.4798519954288882,-0.20131630827106875,0.8248281093224072,0.814,-25.04260061498475,-1.8245603492050684,-1.4816574631340955,-1.393813423962244,13.821850116016313,1.5442769420950375,0.0011703255225821163,0.16408864746014085,10.90066646301839,0.909460027214611,48.266052119156235,3.881485569741116,0.7509449977407262,1.4302894445903802,0.03210366384140431,1.3205173892145168,0.669680712976094,48.53348571428572,0.0680674015259135,False,False,False,True,False
max_1h_7d,1.0,6.787324609114355,0.6663354246327036,7.354752273327728,0.3483312136245996,0.4241384940725677,0.422,-15.020832230130269,-1.2279426744452187,0.9081962822880716,0.7673536850691537,2.229576331056144,0.22598933136057572,0.4676566134458737,0.2579137427972003,-0.3527703628164826,-0.03470362110461911,13.15812902310383,-3.531342926413137,-0.8049456141932315,0.9973150307115359,-1.2087504536920983,1.2962988091897638,0.4467714541600917,48.53348571428572,0.219468488314017,False,False,False,False,False
funding_8h,-1.0,-5.341075566414345,-0.6777829561461457,-9.51558110845958,-0.49880561440514964,0.4658401704364,0.234,-12.747937695545216,-1.2595952075078567,-0.736197972825742,0.29310453945461695,5.231769426173123,0.6785375510801596,0.37674287428358966,0.4832799772234729,-7.271099183168828,-0.9236174673344512,5.52586059648048,-18.506678266845178,-2.9339690284044404,1.2380952901096751,-0.28324538329571547,1.532583215467276,-0.18461189941776443,48.53348571428572,0.20781542526967933,False,False,False,False,False
amihud_7d,1.0,7.1746399284373705,0.9898412497605137,2.5247863525468137,0.20349916608199284,0.582368037173109,0.24,-5.863274198142054,-0.2897604935131906,0.8551848752788395,-0.2995161656510936,3.66103249628289,0.6908656865792164,0.47634319008591164,0.27892975847524926,-1.904413823127717,-0.26232257626674305,12.861015561152485,-3.2913792546664165,-0.9380324155008875,1.4579100090160728,0.1731378760798232,1.0710852838241058,0.41926398475287696,48.53348571428572,0.7719994734058593,False,False,False,True,False
d1_div_sp_perp_1h,1.0,16.851776344992686,2.5291223187163006,13.153423056333146,0.8787482865391436,1.7153309183471237,0.17,14.894122013467719,2.0232375591149,1.9024295934655875,0.07637750080790263,17.58671209177541,2.732819860697156,0.003582228258134701,0.7850594006094954,-4.320580447407251,-0.6487551845049532,10.732803359790035,-11.404977607439607,-3.843562122182004,1.815047342336562,1.341533380594681,1.7506285117542306,1.5791320776177589,38.5184,0.04304866105690852,False,False,False,True,False
d1_div_sp_perp_4h,1.0,17.816066599459322,2.7353769364695517,25.365230456106982,1.6463657091036012,1.8204380618794742,0.196,13.090389602419151,1.670027367790589,2.540631512239099,1.819893524570159,17.815645607690914,2.7717815340033543,0.012086173282632506,0.7846616858354568,-3.275558618643542,-0.5032526172919246,11.35270583556653,-10.51776807513252,-3.516416433465282,2.0586333990708847,1.2951247683752152,1.7195851143479692,1.9647288923679391,38.5184,0.09491394898649763,False,False,False,True,False
d1_div_sp_perp_24h,1.0,13.293189845239146,2.092735696476945,38.61624417245174,2.1249463137316273,1.354759831175956,0.014,14.40829952933838,2.0913121953755107,1.8271358306853769,1.7158555671747813,13.924726823229278,2.244433928957005,0.02420683672244628,0.9157647627953147,-11.086541968290119,-1.7444502183559083,7.257971907907067,-14.049061088904349,-4.516675896258132,2.642936358636093,2.3375425820076345,1.7516261395919177,0.5668181621100642,38.51291428571429,0.03650008731024368,False,False,False,True,False
d1_div_sp_perp_168h,1.0,14.373974286177795,2.250376849377724,18.138612311048107,1.2659770701739643,1.4436303196762756,0.012,12.815799068355895,2.0149939489195834,3.001222100105539,1.3545195463255422,14.14769714641312,2.2808301474141612,0.024702212943796598,0.7408181571983129,-5.615738467124963,-0.8788345854326798,9.701418726383864,-10.160541154158235,-3.863079574595523,2.542324154291353,1.6021381221812403,1.0861491166627912,1.5040111761480468,38.47794285714286,0.04390528310410424,False,False,False,True,False
d1_vshare_sp,-1.0,-16.79714833461081,-2.741322698152,-19.821806359679837,-2.5938741124379074,1.9248121965662244,0.156,-19.583831684127794,-3.113569823879328,-3.1744230781156357,-2.1881484121236383,15.950767978530193,2.77480886176364,0.006938500134374359,0.5829300926434476,1.1219314210413762,0.18370396780446752,14.407515194866493,-4.075183885180205,-1.525346569591532,2.768843817466703,-1.4309013015586562,3.2869404306997283,1.9928493978932553,38.5184,0.001848387681074648,False,False,True,False,False
d1_vshare_sp_chg,1.0,1.3533740829526715,0.1991763344797558,0.9381278220914447,0.09005573323771146,0.14016409246104494,0.256,3.2643052092204647,0.4452088038192247,-0.10955838923609974,-0.6520238055330664,2.53561292232292,0.37982035650715,0.16097161689238149,0.6433236912397332,-15.79921612330848,-2.3228919161113177,1.0518609071777052,-11.837256580848923,-3.8670830529995035,-0.1972577476173844,1.1827828715728677,-1.0429960936300828,0.3609337808700124,38.49782857142857,0.6561688650706101,False,False,False,False,False
d1_vshare_sp_z,-1.0,-4.736209748163154,-1.0469761488918836,-3.3647066096242866,-0.4418183913384334,0.6512396756847556,0.04,-3.6543070626786474,-0.7397403199743003,-0.8053648526445091,-1.114244131033066,4.57618667858918,1.0179218827285381,0.2624584838383187,0.7804931986720944,-15.128136483984905,-3.3477751478643842,3.0341134017703077,-12.990747564478715,-6.396826162726927,0.9981595172496719,-1.6537733693849093,1.4954835099637145,1.093830549266402,38.495085714285715,0.459457577742199,False,False,False,False,False
d1_basis_spot_perp,1.0,16.321998914520787,2.541933503231241,18.26397258902708,1.0882693692828707,1.5984661749821254,0.562,14.353787492536577,1.7143905640639359,2.412222437224337,1.0581893646434002,16.01809699869063,2.575749411660228,0.0012074413355832592,0.6852413356358016,-2.031873637660747,-0.3165811647381077,11.90967186719436,-8.624830467760484,-3.103810227453135,2.763832129608317,1.9237841402823939,3.5279455623530045,0.3185975316082828,38.5184,0.08645702033246994,False,False,False,True,False
d1_basis_spot_perp_z,1.0,11.21659093503175,2.215219550043533,-2.188026510262901,-0.17832565164350894,1.3757560296996185,0.002,14.35434668311386,2.7219817849407746,2.6295086881576646,-0.16556489851825915,11.97438670344729,2.4508095821940326,0.05277058220251296,0.7929280958336166,-8.779184357145386,-1.7375653130677065,7.072892860001125,-9.851324777244256,-4.361247375963207,1.8792698763090367,1.7741956952399867,1.3825422941199592,1.0733342262054282,38.497142857142855,0.006489171910989633,False,False,False,True,False
d1_taker_gap_spot_perp_1h,1.0,3.9277357698717554,0.8958867204849565,5.307624492903494,0.6896859399654013,0.5475867066909712,0.666,4.230624829382137,0.7897480978184381,0.5163371904991997,-0.9663833431092727,3.6932003360363237,0.8422464194332434,0.07766707831218445,0.8116941978100344,-17.695700171100682,-4.041552613068728,2.4194676889824134,-16.636380324173874,-7.923068760237288,0.95063749597226,0.09423085652045296,0.7988819211067976,0.5119835712440379,38.5184,0.4296748957427865,False,False,False,True,False
d1_taker_gap_spot_perp_4h,1.0,6.762790127042015,1.5760178531480065,7.291244643918799,0.8857443717710772,1.011622728677901,0.682,10.718495624675583,2.221680919937005,1.6978022614712793,1.4790765014310479,6.628318830122251,1.5759466961448323,0.0133090659658609,0.7984403118567591,-14.363843461327654,-3.331871518735463,4.2350004293465995,-11.885275745537918,-6.039128067301868,1.9008088665595164,1.176571907295748,2.498433286326917,-0.29988310470239143,38.5184,0.02630487688905858,False,False,False,False,False
d1_taker_gap_spot_perp_24h,1.0,0.7449161163198629,0.16020412428245273,0.5160723356411095,0.0661945984585867,0.1036728797559829,0.742,6.117753674775046,1.2153679626337464,-0.1436374322175994,-0.8406459289795255,1.0733185029987327,0.23766063340236754,0.13040537931857266,0.7269226855482022,-18.52085801881376,-3.9767184936348565,0.5123764405275721,-12.856273091261242,-5.090127343873194,0.7262490338762454,1.3564479015986661,0.1343861985526746,-0.5860228056551408,38.51497142857143,0.2242257814197952,False,False,False,False,False
d1_div_up_perp_1h,-1.0,-4.847527794917407,-0.7210991548588374,13.022076574041614,1.6606562008011383,0.48606520159395006,0.592,-2.332346762913141,-0.4144663276742926,-1.0958669873034252,0.04422482314672464,5.347186495226795,0.7823932324794767,0.26491408742808964,0.7497643765957406,-14.861565747816316,-2.206706314431864,3.2327007965671237,-13.516776384253294,-4.772732697256859,-1.0512512799868152,-0.3079256326055841,3.010197917775307,-0.38362459564059864,17.919041916167664,0.6785326222157708,False,False,False,False,False
d1_div_up_perp_4h,-1.0,-11.899308589053744,-1.954069482174715,-3.9261847966154337,-0.48622144048912036,1.1721900852377463,0.316,-8.731015128467087,-0.9821600165323481,-1.6584784467431672,0.03445287750726082,11.767409749805967,1.9384927339753093,0.14618323115514242,0.7465497674146522,-7.701367497477629,-1.2644355522246795,7.969534723895088,-11.045430252066334,-3.9830446400582193,-0.03133858705367114,-0.10829574850582412,2.139197138590201,1.165674731988125,17.893478260869564,0.32602102202873917,False,False,False,False,False
d1_div_up_perp_24h,-1.0,-8.179053023723013,-1.3168631322837745,4.367039452379261,0.4887418919217779,0.8183241476763592,0.214,-0.35389521813649144,-0.05277728060144503,-0.7905754866120108,0.41942679879199124,8.450957869373916,1.3919327875486025,0.3693103891195111,0.8845247009494389,-14.887364692274268,-2.399320705756815,4.623416968991204,-17.734508042259613,-6.325398799096136,-0.9233379688707292,-0.6187503995057012,1.6947054371290748,1.0017009710383964,17.90382775119617,0.9579093637198586,False,False,False,False,False
d1_div_up_perp_168h,-1.0,-19.712206743951718,-2.9831763404204947,-15.687498818542284,-1.6508902150937395,1.882357638877722,0.214,-16.03142694430857,-2.21790958712683,-1.8931443275117323,0.15203562703099688,19.767144534212985,3.0380870595179186,0.060902006079206816,0.7150299127578006,0.7172631130443811,0.10858764423144539,13.7841832853703,-7.464329095196745,-2.4164738047053853,1.2035919119174454,1.8853255322766678,1.2452398396187803,2.1073797612265532,17.81469879518072,0.026560997697102184,False,False,False,True,False
d1_vshare_up,-1.0,-28.37935870344847,-4.234312357883148,-34.54352646524713,-3.914510155803153,2.8856511228181607,0.0,-38.27359030572005,-4.561717392943287,-4.356874918416458,-3.1878923793861955,29.285045348194,4.485597710453039,0.0005839084115337734,0.41271887225537157,17.031445255595933,2.533169977492078,34.38098014317191,4.750292057847216,1.5608132773753545,3.3907280451397477,2.80110043169128,2.0688695724466433,2.554628624788719,17.9247311827957,5.073690763079952e-06,True,True,True,True,True
d1_vshare_up_chg,-1.0,-22.117048586527403,-3.466035435166342,-22.081934259887582,-2.09625656557952,2.1145845719412044,0.536,-19.559038345723746,-2.679843564436975,-3.1338124086841934,-2.4461101564709713,21.703861429100066,3.3986208118525036,0.0018648817628437175,0.5884417857477724,5.729731693292858,0.9022221597023556,18.792894320397206,-2.7196731807235115,-0.9443243969501481,3.2338323679588017,1.984940142326401,1.0068527059983035,2.6910363492059695,17.885851318944844,0.00736565736361916,False,False,False,True,False
d1_vshare_up_z,-1.0,-23.449994086644768,-3.9704344401993534,-4.844623010700785,-0.5337512793389584,2.742286513878489,0.01,-22.889589928164487,-4.072671940713203,-4.174577352780281,-2.045584135249589,23.141680132993415,3.9189677693949845,6.811008674689756e-05,0.7260564107060979,5.212184224639224,0.8803127467275786,16.148878889340974,-3.264520653181738,-1.3153242950723847,3.1486783481797773,3.2397020721628667,1.753284382700119,2.2571474880578313,17.880335731414867,4.647686620962155e-05,True,True,True,True,False
d1_div_bt_perp_1h,-1.0,-4.456972836503397,-0.763942730961891,14.230299400684961,1.6975092929696103,0.48485327149648094,0.012,-2.695290194333331,-0.4944158579453467,-0.7176134075102625,1.3482351547120142,5.011271687766952,0.8902239295610666,0.17734467691998046,0.7561729293924482,-16.035950529630266,-2.7488680403265207,2.9470592395342554,-14.225872274749834,-5.331857903537703,0.4756740553647912,0.08565443005874532,0.3148414700903193,0.7176128226511349,28.449640287769785,0.621012516844611,False,False,False,True,False
d1_div_bt_perp_4h,1.0,1.5860857020961614,0.27394038178285096,-1.610899045197375,-0.17495549908629024,0.17591730639703587,0.848,3.141330400024043,0.4863380068389572,0.4037460946088012,0.6895071957051345,1.1310363040216764,0.2035582753994354,0.03965981181713407,0.762602105913056,-19.05664744178225,-3.289878012928717,1.0399169434479574,-16.51202654582195,-6.503871135428344,0.6196350148188775,1.1354462055066092,0.16366452575536458,-0.16961895758585538,27.75211608222491,0.6267275362879552,False,False,False,False,False
d1_div_bt_perp_24h,1.0,3.852603176645114,0.656272314988873,17.779524095722508,1.5475592280141366,0.40529183436618116,0.194,3.6485890463695143,0.6382136533019162,1.2712994851111872,2.3218009756362297,4.444649560271012,0.7715141481045881,0.15587428382110335,0.880006338738083,-19.879254112927566,-3.392543114370166,2.188963310292568,-18.308494680578853,-6.478498565586369,1.427398709023128,0.7358333864042175,0.43627926073075257,0.24439520908315193,28.3916067146283,0.5233346106871828,False,False,False,True,False
d1_div_bt_perp_168h,1.0,0.12365815590770132,0.018847740128595854,5.7920113744212784,0.596272218119596,0.013198745654506365,0.264,-3.167815000921699,-0.4835333922079532,-0.10214028100743822,0.06451033042451303,0.3189476711578513,0.05079695827428155,0.2135006848884845,0.7202032615269703,-19.683082028989933,-3.001193420044516,0.08584948341217041,-16.56318075972616,-5.579322166428086,0.8019910968765944,-0.3723398832820712,0.609108420709669,-0.16243403908041687,28.21256038647343,0.6287170559294868,False,False,False,False,False
d1_vshare_bt,-1.0,-19.389769371340854,-2.8808503453240792,-19.10634143947388,-2.097623365214721,2.0479303860347358,0.164,-18.58158610848561,-2.5183124003980657,-2.7058563716244515,-1.8867712392771052,20.92151306733749,3.291300497881614,0.004875575653445097,0.501034752155842,5.25519922850692,0.78255617418282,19.349725031957316,-1.0831315516153877,-0.3650557679055152,2.799798757525688,0.8261997259227822,1.6378127635524447,2.266520493081317,28.716507177033492,0.011791868125056615,False,False,False,True,False
d1_vshare_bt_chg,-1.0,-5.319515117614394,-0.8289649543073092,-6.021286423719252,-0.5152117332736706,0.5387516876631869,0.552,-4.058979100292935,-0.5857688334695991,-0.5782713427742948,1.0236313509189443,6.206914907851359,0.9803033732441037,0.16117994792559254,0.5866369492153305,-11.582015739940749,-1.814323539237953,4.533907320984155,-12.831185187112924,-4.735689259888191,0.48766207359739905,-1.4933850664841812,0.6575897042221841,1.1997486830873865,28.957074340527576,0.5580308704501065,False,False,False,False,False
d1_vshare_bt_z,-1.0,-0.938290613605165,-0.16889305932110651,9.104689210936176,1.020915434914016,0.10986503425797405,0.904,-4.629800730131864,-0.7746477324353251,-1.3791205836562463,0.3857325939643404,2.0413160743602345,0.36901245500102436,0.0645784960575988,0.7430456813366444,-18.48754673931374,-3.341160761419733,0.6313815133931603,-13.842535394392103,-5.701044491670277,0.19414134904387026,-0.967344732888908,-0.3557250798604214,0.8063636115538575,28.66890756302521,0.43854784386638346,False,False,False,False,False
d1_div_bithumb_upbit_1h,-1.0,-0.8812092948742132,-0.1371046944606316,2.9218961144006035,0.33365596354478627,0.09293302243731175,0.312,-1.8124958946822916,-0.3404454367147338,0.015516554647813567,-0.8446167297027084,1.5371157247653295,0.2492051727991335,0.4217131821308622,0.7490178844393984,-18.911402977674207,-2.9464830532911126,0.5882431602642928,-16.592408023662387,-6.268381954011609,1.0527552813686827,1.4337995857564225,-3.754915589906225,1.4317193926834095,17.530852340936374,0.7335211063865348,False,False,False,False,False
d1_div_bithumb_upbit_4h,1.0,3.7058314183457517,0.5989079947022036,-2.4311221154524927,-0.28959275574530374,0.3970313681781494,0.582,0.4976558945827154,0.08218248998955767,0.6315631719247908,0.1587101000458297,2.6479232191352704,0.4440753931636938,0.16907008155088377,0.7482403922285239,-15.95997903141646,-2.577505366158396,2.476364185117351,-16.05929895843114,-5.502100007326135,-0.5444193455069941,-1.4044667386628285,2.273807038630999,-0.008491346998139991,17.175365853658537,0.9345015973038022,False,False,False,False,False
d1_div_bithumb_upbit_24h,1.0,9.567243749677045,1.7786291762592024,10.386570337826186,1.106421502671819,1.0306944182285667,0.148,1.8702528449767164,0.3093499163081295,1.6709029158872037,2.4560236525033883,9.180802486882166,1.7152191803542503,0.1503453204143974,0.8832063186802936,-13.593499685632558,-2.525103529508795,5.4161997866889315,-17.72987017134572,-6.627103755886961,0.8321638627898101,0.5378747171490196,2.2268260962969464,0.5464261259618438,17.498561151079137,0.7570553640423408,False,False,False,True,False
d1_vshare_korea,-1.0,-12.068383668255123,-1.8461349380311545,-11.75579890822467,-1.3764875076423515,1.331043646840628,0.228,-21.866967105207518,-2.921621433218415,-2.4908301767692484,-2.2515747783894033,12.77222659765585,2.0838030916250623,0.006149605790619961,0.39526996677355203,0.5038760772883712,0.07715533510398778,15.266001319003616,-1.770435571297037,-0.6378105895285837,1.225751526672887,0.07212597066543504,1.210863220189306,1.6294280629538782,28.992353643966545,0.0034821450254887143,False,False,False,True,False
d1_vshare_korea_chg,-1.0,-18.20880224855125,-2.784935474150353,-26.68162873988422,-2.2779770602987073,1.8409593936328328,0.128,-17.64355499205884,-2.49698505019483,-2.8042036967025856,-1.7704640640896792,18.3958481879171,2.8629042603324666,0.011318536130411783,0.5720349196508501,1.987337735728241,0.3066600339859494,15.915813548292876,-5.302535333652832,-1.8524654571706256,2.5718979706526923,0.8417697960749213,0.6436881424135016,2.822361076626515,29.146043165467624,0.01252542371272991,False,False,False,True,False
d1_ls_smart_minus_crowd,1.0,13.176497520627372,2.1428011957409336,40.54274379588178,3.1746703698737124,1.3537147773562674,0.078,14.343694320258635,2.24320231968739,2.480259208682582,2.972559070303138,11.462694657282118,2.1317068289149583,0.14002320629412868,0.29489735120979016,4.83662753887923,0.7910627727986876,22.340820401695645,-0.2550103434143896,-0.09796333194927337,1.8222565559572936,-1.2217519075231247,1.4817334301784466,2.222693790057202,48.533257142857146,0.024883770790618653,False,False,False,False,False
d1_ls_smart_minus_crowd_chg_4h,1.0,1.1035067434256365,0.17719347059632323,28.873575933452624,2.285000449142122,0.11332171894017455,0.956,4.061291624208258,0.6006112230387292,0.856567717602979,1.6155030149350758,0.03183831089042574,0.005225393339277595,0.07619881909096815,0.8117271662676807,-19.122268675956324,-3.0734376352829047,0.6797276161764779,-16.30916628226721,-6.109445007631238,-0.25723351547729556,-0.5588246013391093,-0.24687882676751227,0.6450145108202842,48.533257142857146,0.5480989611020042,False,False,False,False,False
d1_ls_crowd_against_price_4h,-1.0,-7.2311923534289235,-0.9975251391140628,-6.043735190575651,-0.3818628115564997,0.698434106937839,0.834,-4.095610473514555,-0.5190553789020964,-1.0552852843534375,0.021118863043925195,8.454398343798353,1.195402960173791,0.044191577928139325,0.8017776572408059,-12.845681205426402,-1.7768916895197808,4.5094748451297315,-12.318196731960937,-3.8340527108373244,0.8473642858423989,-0.7097256400726216,0.08876156842031359,1.502045514176288,48.533257142857146,0.6037221234832548,False,False,False,False,False
d1_ls_smart_minus_crowd_chg_24h,-1.0,-0.6907515580782534,-0.09848255534843488,23.714521952655257,1.493673181853638,0.06481432402334328,0.998,6.433390581051214,0.8148823218316485,0.17210076844240899,1.4394295862079773,2.131448630290198,0.30235509811269495,0.003848349398066886,0.8485727721992823,-20.24457051185705,-2.875946961631127,0.40700784936099416,-17.864366599556313,-5.219115207490147,0.11880538600328978,1.6172562313368963,0.8287555505325981,-1.273787387819085,48.53142857142857,0.4151396731976327,False,False,False,False,False
d1_ls_crowd_against_price_24h,1.0,15.099899418336074,2.2034228791635186,14.06648523525565,0.9016192088962929,1.420896230330206,0.132,19.06897468651455,2.618264993967455,2.0626804282887696,0.4913596136292328,12.541111416353981,1.8937253503557652,0.2813083363423754,0.7583341264210459,-3.828863837782055,-0.5600249443759215,9.955967226214632,-7.460968236496091,-2.4680130297798826,2.371586432813471,0.05031054431920057,2.4829584504567332,1.00741305356832,48.53142857142857,0.008837814339294647,False,False,False,True,False
d1_ls_pos_minus_acct,1.0,16.231033694868007,2.4646280743382563,44.16300319320981,3.2596773526734855,1.557854045518899,0.118,17.44514515275243,2.6211799376340017,2.4005554329435195,2.7263684461976836,13.94889706181831,2.6778898026108737,0.032619100254112854,0.29751881718507345,7.8043340675039286,1.1909534545733007,27.277322907564855,2.6762741195695594,1.0174237061146008,2.3080009717746632,-0.9575880749471242,1.4457769296528133,2.730150278631934,48.533257142857146,0.008762599871948495,False,False,False,False,False
d1_taker_ratio_minus_kline_taker,-1.0,-13.605287871157218,-1.8333205855280834,-9.595850156455484,-0.7715041387235876,1.273805745327265,0.062,-5.972826638806907,-0.9074193419939075,-1.198415304278895,0.48100786354887093,10.845647198221435,1.6498387179129195,0.17401906430449288,0.738365186508345,-5.881441226677051,-0.7924038191451777,9.21311575881256,-9.374701642192617,-2.9755461285822724,2.3858434151145174,1.2281073582338569,1.4244506222912139,0.9026467333464286,48.533257142857146,0.36418508489470836,False,False,False,True,False
d1_oi_vs_price_4h,1.0,7.558558077388557,1.0344556391777753,21.296204047836962,1.2582690980230566,0.6684843890090187,0.256,9.497191484228258,1.1240991873057598,1.0722305618521275,0.02909678492718606,8.504130087695676,1.2443815807913907,0.4304601987100559,0.7877350247276385,-12.2681798728498,-1.680345756287201,4.797652662455849,-12.925318099253913,-4.222123137102667,0.8975012218252905,0.3001164668554148,-0.6597413046824194,1.5930573759293163,48.54897025171625,0.2609709500530011,False,False,False,False,False
d1_oi_vs_price_24h,1.0,3.080158776740843,0.39716847232168406,14.595787396170929,0.6785372795410457,0.24471760676042284,0.114,6.9295533901096205,0.775820010307404,1.028281507390147,0.7563735073549676,3.4085634408289325,0.45906727942934616,0.6987827726209384,0.7860384276494099,-16.799411695458595,-2.1662079285336877,1.9592927447273993,-14.145644006113441,-4.0857523812114005,0.8990701914720965,-0.4029422245490886,0.818583676906509,0.16108919338053468,48.53142857142857,0.43785526724184054,False,False,False,False,False
d1_oi_vs_price_168h,1.0,6.369429996079167,0.7855891927000275,19.547166395644236,0.9228351579192898,0.49950634332717303,0.226,3.4667916779022963,0.40705376541039784,0.8498955457988875,0.8301583186325429,4.4636588551608645,0.5483942895697342,0.5701992903118631,0.3885565973493494,-4.0398863934070475,-0.4984579900503946,8.196270555602537,-5.51246885676664,-1.6041826165936142,1.260471415073084,-0.7456217573381293,1.6193328227163923,0.2227792596177365,48.52045714285714,0.6839684999297013,False,False,False,False,False
d1_oi_to_volume,-1.0,-2.509591207178476,-0.2627663484663975,-1.0275689193391235,-0.051831802204291844,0.16941565790370636,0.446,2.2095370260350653,0.22153419579838823,-0.7537388248252815,-0.2071518662928665,-1.0146214913056473,-0.10769944684934586,0.5843955520037625,0.41956838023150006,-8.770206595059047,-0.9173928776700564,2.9906820025305407,-6.354050582361544,-1.6432765391309347,0.6573298698724607,0.2286461078943356,1.0304925444537882,-0.5487016209692239,48.533257142857146,0.8246765135717165,False,False,False,False,False
d1_oi_to_volume_z,-1.0,-1.5172246259420976,-0.1972141869776811,13.402257753275414,0.7874635657211647,0.13377677974783322,0.236,-0.7152297473867745,-0.07247381585613633,-1.4121703716998988,-0.2412886816266703,-0.38545312496702894,-0.05240755810334182,0.593748414694244,0.6566213571569469,-15.491303640965937,-2.0090622107828064,1.155326893806355,-10.702855167583031,-3.1245999456210645,1.2140310349397085,-0.12348387454880111,1.225261755088254,-0.624997593515959,48.52731428571428,0.9422248425800106,False,False,False,False,False
d1_funding_vs_premium_z,1.0,10.333726440637422,1.8011565265044203,8.267906608571048,0.9646988735211557,1.232137824530197,0.328,8.72377300308998,1.174832083653409,1.817702704340089,1.902186334563792,11.212324242373958,1.9992745916891184,0.02017764022938562,0.7927049938170062,-9.579286976228028,-1.6680802264697252,6.518015227126811,-12.71619468990808,-4.90034865255504,0.6759630470911462,3.6530229182743836,-1.1456820957073022,1.6771950018659423,37.30377142857143,0.24006190151726026,False,False,False,False,False
d1_funding_vs_oi_chg,1.0,2.390982463922618,0.3906098062796256,-4.217992908210603,-0.37241271687909483,0.23341062020501982,0.266,-1.7756044018844968,-0.2512737755158715,0.007377380250280551,0.9373893452565765,3.147653652236559,0.5094800697879904,0.5191079261092963,0.807343518530035,-17.777107364460228,-2.9022628494894436,1.480771449231414,-16.09923087412898,-5.858321765792264,-0.8346051094029043,2.067787576192727,-1.532110240449513,0.6568043194659978,47.077714285714286,0.8016024489665627,False,False,False,False,False
d1_funding_vs_momentum,1.0,4.872478752846032,0.689504808516983,12.894858988856557,0.8412281201513965,0.44011932982008933,0.27,-0.555487820953375,-0.06564217489889346,0.6867939304649577,1.0404236295777467,5.864263749395049,0.8279426855459201,0.6238758065020977,0.7946547937322347,-14.822848935775326,-2.094934208777249,3.0657832755035592,-14.243488452186172,-4.419581872552501,-0.2993468665259611,2.3886257915192375,-0.3937749067829755,0.1968477279738817,47.08502857142857,0.9476627107885671,False,False,False,False,False
d1_oc_netflow_24h,-1.0,-16.039345503574754,-1.8022814624072083,-21.97232703203622,-1.4751774969022773,1.164008969836706,0.022,-22.087809623258767,-2.229037196084796,-3.1629405748532533,-1.903571292071811,16.814028699895747,1.9276105504339491,0.23901705644019122,0.6505651157328068,-1.9794974046810225,-0.22244301169484826,12.327240667913603,-6.153428318705218,-1.3388837284438175,1.668386600224941,1.870428252351523,0.3517872314943289,1.3818918685502455,13.351771428571428,0.025811430008112923,False,False,False,True,False
d1_oc_netflow_168h,-1.0,-13.533368627436824,-1.329107311299724,-30.755730190367682,-2.107712837007714,0.8604082313706907,0.108,-10.163120610041824,-0.9935454016151121,-1.2863398695423487,-0.15185290039221447,14.302111531813994,1.4949113138116077,0.666139524056923,0.3032307149267815,4.350558063249821,0.42691022962851183,22.31529980514113,-2.1118713158634637,-0.4994473066657483,1.82435771037946,0.6984355233932387,0.4414009646132514,1.1313017629398865,13.351771428571428,0.3204442364338531,False,False,False,True,False
d1_oc_inflow_z,1.0,6.0162079724692115,0.5350260504131715,0.33587892165865507,0.021710657515944358,0.35394822408605836,0.174,1.1034700809303009,0.10859186097005692,-1.5018123631901228,-0.8778165750499798,4.867088035682504,0.4448167361405026,0.7535914970661597,0.7736358800044758,-14.101599552250319,-1.2532076571745174,3.8882684528763103,-10.013496986918998,-2.075791089467321,0.8643171934499793,-1.1945830434970535,0.20449561982660058,0.8261782598229838,12.758171428571428,0.9135262165819473,False,False,False,False,False
d1_oc_netflow_z,1.0,2.823863468074705,0.30696561559279345,-1.1973884973310625,-0.08758094563064375,0.20603834916699112,0.182,-9.024580151625027,-0.9696951964263566,-0.5170749395376438,-0.3407746818889759,2.3417459786585253,0.25659878649895534,0.7711720132557147,0.7992037872366441,-17.41942563836191,-1.8894948684756139,1.766672977012908,-16.540160459839743,-4.5487779711494785,-0.09492526881620668,-0.3360337244887561,1.3530726386626946,-0.4266823673697217,12.789942857142858,0.33219844554508793,False,False,False,False,False
d1_oc_inflow_vs_volume,-1.0,-19.114903185420967,-2.1311236079919262,-19.467147990347467,-1.951545523646579,1.4992818907638492,0.006,-26.641553872868478,-2.581674318013249,-0.6397350586628179,-0.18452487915991655,19.74477697179151,2.3198899972368525,0.10776832793627078,0.2938508701915,10.835739961699852,1.207835595648764,32.52483678704772,4.132326453905499,1.1007872608826124,2.150481670354374,-0.817875565477695,0.8305726666970111,2.886830183709404,13.351771428571428,0.009832232249098904,False,False,False,False,False
d1_depth_imb_1,1.0,1.8155376043325688,0.2912449633394249,-14.410245732509857,-1.4076510036553311,0.22537865813972885,0.632,4.175303661206487,0.7195253906953508,0.28115608929178726,-0.5834349607763208,2.9982520011225207,0.48820926163820316,0.6346807392573949,0.4507232906678803,-12.931274853512397,-2.097975237043223,2.014026834116239,-10.018367614107355,-3.823428948769827,-0.3666395239496124,-0.8241744258150255,-0.13949777139899017,1.969201647846838,51.20778097982709,0.4718172636267528,False,False,False,False,False
d1_depth_imb_1_chg24,1.0,2.527888871460394,0.4929855069251278,-15.688206090378035,-1.2722617131253975,0.32720304114846205,0.86,3.3145202404201504,0.6360518783521115,0.4736488152027669,-0.06520391669435877,3.514240650243559,0.721309994441068,0.24275823479419922,0.7073748577289162,-19.919578017906478,-3.9214474393789556,1.786809952205811,-20.45862855780959,-8.54520362366352,-0.15308245973375254,-0.5334508842173,0.7999691775083885,0.14816028862450983,51.17521613832853,0.5247426090166978,False,False,False,False,False
d1_depth_imb_5,-1.0,-3.1828654455527614,-0.5627841280806597,-21.01180631225788,-2.0251974925470653,0.38176831805612443,0.674,-3.5533658774681722,-0.5572439611107327,-0.9410148035829574,-1.3484371217895788,0.41298793610431195,0.07848836229095837,0.2960580617967221,0.381153358427826,-9.137865601895223,-1.6157527263542037,4.175308147200097,-4.85118938809696,-1.998607099008236,1.4578008092998618,-0.629141457647158,1.1927552924396063,-0.18357724478556955,51.20749279538905,0.5773607576542954,False,False,False,False,False
d1_depth_imb_5_chg24,1.0,2.0281518781924204,0.36670094491084976,-13.185827877131826,-1.0670763785023676,0.2520728860648034,0.784,2.8764946033556065,0.5359931595374025,0.25099789445484777,-0.2258640841628971,3.0092335884423504,0.541506093212098,0.17939761777845586,0.6944638008799073,-19.168757542340042,-3.483568660605985,1.4602286509553761,-18.357849481268584,-7.095550448101391,-0.49823806926524533,1.9166853440783473,-0.9793100626100324,1.0223251774688438,51.17463976945245,0.5919632780494084,False,False,False,False,False
d1_depth_bid_ask_log,1.0,3.023255983453448,0.46752332865559576,-12.25691512383919,-1.1662809413211244,0.37272309065406145,0.828,3.53424082794407,0.6168957507722729,0.1231251626395765,-0.7046814462458719,4.173399145544867,0.6578878411560305,0.44028999675040836,0.4518350751254917,-11.747822037078445,-1.8366539199875014,3.3455304267976262,-10.282150300263577,-3.8120240738225766,-0.22899471050679643,-0.9435979360102421,0.1754602562851294,1.6961439268097107,51.20778097982709,0.5373034897496782,False,False,False,False,False
ml_H013,1.0,17.509820026275634,1.6397356416160787,40.92956704231532,1.7948498323656776,1.1575528964489332,0.018,73.89394489911457,4.744179388075137,1.3808741498986934,2.095423614328008,23.64401200669792,2.175503644709696,0.25173256284988843,0.35637782330008416,6.184164270779168,0.5798145725334141,24.566371532512104,-2.099896860815335,-0.47426238807668286,1.0172552117359577,2.6540880644656,0.15303888285923514,1.4181482515354344,49.51191135734072,2.0935326661142284e-06,True,True,True,True,False
ml_H033,1.0,17.882900611386248,1.5748223868676459,36.21879195220461,1.7064329665140805,1.1592589686801287,0.28,58.71147664817475,4.246885182876783,1.7424523280984772,2.3494741815589584,23.99106328776969,2.1008137864319902,0.26774159974400114,0.31267786522345553,7.895746808499286,0.6961442566136052,28.59636482199694,-0.8233949120301934,-0.18040762055241033,1.1229621741318394,0.8811482664568657,0.6260493239653578,1.3409029210728125,49.51191135734072,2.1676297051742566e-05,True,True,True,True,False
