code,day,jump,sd,hold,pre_-10_-1,pre_-10_-1_scar,post_0_5,post_0_5_scar,post_6_20,post_6_20_scar
HFTUSDT,19882,0.04547688657260281,0.01940305,False,-0.014247355982661247,-0.23220110335862765,0.005174990743398666,0.1088839720762658,-0.011206300929188728,-0.14912369444487797
HFTUSDT,19912,0.04344978627528853,0.01613861,False,0.011126596480607986,0.21801994457504809,-0.033539123833179474,-0.8484181967238861,-0.04500691220164299,-0.7200579927483838
HFTUSDT,19943,0.034917675286841136,0.017142504,False,-0.053099364042282104,-0.9795239262383011,0.0237596333026886,0.565835039103663,-0.02926071733236313,-0.4407223430418328
HFTUSDT,19973,0.03989335011714386,0.018759038,False,-0.015268536284565926,-0.2573871348079602,0.012520739808678627,0.27248575010482257,-0.06907208263874054,-0.9507062550478096
HFTUSDT,20004,0.032188203890177146,0.014421431,False,-0.010373459197580814,-0.22746534299001142,0.0200414527207613,0.5673423541937302,-0.10502608865499496,-1.8803694883919573
HFTUSDT,20034,0.03687506561178813,0.013144968,False,-0.1013367772102356,-2.4378532137550053,0.0194733664393425,0.6047917736689922,0.23175698518753052,4.552266381598274
HFTUSDT,20064,0.0355309504051978,0.022637986,False,0.007447634823620319,0.10403526882363788,0.11369586735963821,2.0503654435832717,-0.11938147991895676,-1.3616125591946089
HFTUSDT,20095,0.034281376507442556,0.025515858,False,-0.033430226147174835,-0.41431354952561694,-0.019319754093885422,-0.3091119473645313,-0.030851736664772034,-0.31219346523260555
HFTUSDT,20125,0.033116708138117956,0.022378456,False,-0.11696796119213104,-1.6528627942602685,-0.00891571119427681,-0.16264857048835968,-0.08688084781169891,-1.0024167260752719
HFTUSDT,20156,0.026926229021415154,0.02434538,False,0.015066659078001976,0.1957043214815809,-0.08019017428159714,-1.3447110898718215,-0.002201370894908905,-0.02334699794369795
HFTUSDT,20186,0.031009675576072444,0.023226487,False,-0.05285196751356125,-0.7195776082082432,-0.05400699004530907,-0.9492723465118147,0.061854515224695206,0.687610118896587
HFTUSDT,20217,0.025273586605977755,0.02718043,False,-0.010206833481788635,-0.11875029952521114,0.023124784231185913,0.34733276061905666,-0.12500116229057312,-1.1874411794524315
HFTUSDT,20247,0.0291547222156827,0.03116273,False,-0.0509348101913929,-0.5168674729255204,-0.013223310932517052,-0.17323238918320252,0.12855716049671173,1.0651607434879575
HFTUSDT,20277,0.02830804920126922,0.026385201,True,0.831167459487915,9.961577609084676,-0.30938011407852173,-4.786922108343048,0.0329938642680645,0.3228695918170667
HFTUSDT,20308,0.027509164310563685,0.12651554,True,-0.08911235630512238,-0.22273787011164825,0.23005616664886475,0.7423597022206496,-0.07665257900953293,-0.15643620686872767
HFTUSDT,20338,0.02675413268633966,0.13712654,True,0.227463960647583,0.5245550763166281,-0.2051076591014862,-0.6106392980833537,-0.04694195091724396,-0.0883881416075526
HFTUSDT,20369,0.026039439924391682,0.06225741,True,-0.0940369963645935,-0.4776477163957687,-0.007599145174026489,-0.04983082449690481,-0.12880297005176544,-0.534181944711949
HFTUSDT,20399,0.02536193737612358,0.032708697,True,-0.05436541140079498,-0.5256049357398145,-0.0280582457780838,-0.3502044384391308,0.1379714459180832,1.0891315581901533
HFTUSDT,20430,0.020804416005726543,0.05181492,True,-0.047203779220581055,-0.28808585065255365,0.005073238164186478,0.03997189920717562,-0.08038614690303802,-0.40057214023720805
HFTUSDT,20460,0.02410746573501484,0.05259461,True,-0.06535784155130386,-0.3929673477741165,0.005222328007221222,0.04053659679353431,-0.04677027463912964,-0.22960590612507992
HFTUSDT,20491,0.019803859000755777,0.02604943,True,-0.04974867403507233,-0.6039253958230196,0.006841555237770081,0.10722128192828279,-0.20874753594398499,-2.0690810872902845
HFTUSDT,20521,0.022971244388100578,0.025342114,True,0.06375415623188019,0.7955466613760166,-0.05841827020049095,-0.9410879726672992,-0.14743581414222717,-1.5021542052612755
HFTUSDT,20551,0.022442372887656454,0.027633162,True,0.10574977099895477,1.2101768729607412,-0.09947648644447327,-1.4696510379744268,0.010887254029512405,0.10172838276372398
HFTUSDT,20582,0.021937305956118168,0.049750138,True,-0.006308784708380699,-0.04010065040701129,-0.00022097863256931305,-0.0018133446954657136,-0.1957848221063614,-1.0161061989788633
HFTUSDT,20612,0.021454471797154373,0.048873305,True,0.03762228786945343,0.2434296589379841,-0.024668389931321144,-0.2060598920385317,-0.021267522126436234,-0.11235684930007722
HFTUSDT,20643,0.01767832773746335,0.03495812,True,0.1004067063331604,0.9082693245893726,0.01714947633445263,0.2002751952529387,0.05490054190158844,0.4054925948227541
HFTUSDT,20673,0.020549877335121515,0.04686243,True,1.2259745597839355,8.272878487780865,0.0,0.0,0.0,0.0
TAOUSDT,19866,0.01916386477924951,0.04100277,False,0.11355730891227722,0.8757938785039731,-0.09430195391178131,-0.938927111242716,-0.03103063628077507,-0.19540328681984015
TAOUSDT,19867,0.018803516727312813,0.040451027,False,0.13818040490150452,1.0802316653176345,-0.1555766463279724,-1.5701430568946053,-0.044073380529880524,-0.2813203677819217
TAOUSDT,19868,0.018456470181527313,0.0398198,False,0.0941682979464531,0.7478347697659726,-0.1195542961359024,-1.225717803583225,-0.04687358811497688,-0.3039369510438084
TAOUSDT,19869,0.018122001992129988,0.039229043,False,-0.0008204691112041473,-0.006613852783993266,-0.08400354534387589,-0.8742069983667954,-0.053740110248327255,-0.3537082681781603
TAOUSDT,19870,0.01779944049600285,0.04000517,False,0.045411571860313416,0.3589636036869901,-0.1365876942873001,-1.3938621672550682,-0.0362434983253479,-0.23392054259158052
TAOUSDT,19871,0.017488161014638064,0.039434135,False,0.05318405479192734,0.42649026919326233,-0.115134596824646,-1.191949623704888,0.002025322988629341,0.013261002113311812
TAOUSDT,19872,0.01718758181638093,0.03924399,False,0.014552615582942963,0.11726486702267395,-0.09704932570457458,-1.0095870126695903,0.10609432309865952,0.6980288534637122
TAOUSDT,19873,0.01689716048802842,0.038747966,False,-0.023556753993034363,-0.19225008182791295,-0.030816303566098213,-0.32468034980916166,0.07919417321681976,0.5277140855920878
TAOUSDT,19874,0.016616390668176464,0.038239997,False,-0.04366308078169823,-0.3610742578309385,0.013417704030871391,0.14324673586404785,0.03986939787864685,0.2692007088645869
TAOUSDT,19875,0.016344799100922673,0.037847806,False,-0.08581212908029556,-0.716981535002844,0.0486103817820549,0.5243396508329861,-0.027906708419322968,-0.19038041926359842
TAOUSDT,19876,0.0160819429738624,0.03794881,False,-0.16558486223220825,-1.3798201227216846,0.06926023215055466,0.745092446834825,-0.050918180495500565,-0.34644084552039045
TAOUSDT,19877,0.015827407508880502,0.03896123,False,-0.1952119916677475,-1.5844327634867748,0.03964448720216751,0.41540766081733915,-0.0023594312369823456,-0.015636120808015665
TAOUSDT,19878,0.015580803778167538,0.038665827,False,-0.16695189476013184,-1.3654130355373943,0.038696613162755966,0.4085733384630924,-0.0008829738944768906,-0.005896236929964668
TAOUSDT,19879,0.015341766721272963,0.03874367,False,-0.0999450534582138,-0.8157564871746367,-0.00673198327422142,-0.07093599006190937,0.039150141179561615,0.2609077229215262
TAOUSDT,19880,0.015109953341931728,0.038712725,False,-0.10153879225254059,-0.829427156113582,-0.039419740438461304,-0.41570418064169784,0.0259958878159523,0.173382508324168
TAOUSDT,19881,0.014885041065932747,0.038761605,False,-0.04176364466547966,-0.3407192296940924,-0.02411768212914467,-0.2540143166554965,-0.023598693311214447,-0.1571956702743727
TAOUSDT,19882,0.014666726243495522,0.038537856,False,-0.0020226798951625824,-0.016597382621330852,-0.0826992467045784,-0.876069128550292,0.009491829201579094,0.06359408653521632
TAOUSDT,19883,0.014454722781533157,0.038382083,False,9.130686521530151e-06,7.522719878297642e-05,-0.05588587746024132,-0.5944261500519987,0.006538333371281624,0.04398381425655495
TAOUSDT,19884,0.014248760892846707,0.038323525,False,-0.008701015263795853,-0.07179669914454066,-0.05091072991490364,-0.542335765563765,0.0232230331748724,0.15646163366276825
TAOUSDT,19885,0.014048585950751839,0.03793358,False,-0.02267349511384964,-0.18901428756564817,-0.02932957373559475,-0.31565035926854834,0.053380586206912994,0.3633405516403764
TAOUSDT,19886,0.013853957438913208,0.03755235,False,-0.004370830953121185,-0.03680670144036522,-0.002604842185974121,-0.028318397917621363,-0.10956791043281555,-0.7533566707830324
TAOUSDT,19887,0.013664647987279704,0.037208863,False,0.04925326630473137,0.41858980046981914,0.0400756374001503,0.43970197725606114,-0.159921333193779,-1.1097224636614238
TAOUSDT,19888,0.013480442485995801,0.03685192,False,0.012327399104833603,0.10578189304351625,0.09245124459266663,1.0241817078786097,-0.10859668254852295,-0.7608706065141413
TAOUSDT,19889,0.013301137270028842,0.036532573,False,-0.025060441344976425,-0.21692442234303913,0.10016068071126938,1.1192867861291869,-0.06072426959872246,-0.42917696540561795
TAOUSDT,19890,0.013126539368014445,0.036443885,False,-0.07302944362163544,-0.6336848430522981,0.07444377988576889,0.8339271602709929,-0.08098755776882172,-0.5737834278828674
TAOUSDT,19891,0.012956465809495766,0.036519032,False,-0.10061344504356384,-0.871237906361981,0.054585542529821396,0.6102148172798064,-0.0634373128414154,-0.44851801539791547
TAOUSDT,19892,0.012790742985328311,0.036472008,False,-0.07623589783906937,-0.6609975493264578,0.03525974228978157,0.3946788358113064,-0.04321123659610748,-0.3059083949041951
TAOUSDT,19893,0.012629206056550227,0.03617019,False,0.04968440532684326,0.4343795049047475,-0.06828068941831589,-0.7706754099970066,0.04747793450951576,0.33891861063698414
TAOUSDT,19894,0.012471698407486924,0.036139,False,0.06608203798532486,0.5782388866912823,-0.04677601531147957,-0.5284105308985828,0.032064344733953476,0.22908708495845045
TAOUSDT,19895,0.012318071139275907,0.035871394,False,0.08183222264051437,0.7213999257805092,-0.05329325422644615,-0.6065245176751396,0.016253678128123283,0.11699243273047279
TAOUSDT,19896,0.012168182600368864,0.035644226,False,0.04083407670259476,0.362270987006412,-0.019809655845165253,-0.22688830960292994,-0.020159607753157616,-0.14603174080105188
TAOUSDT,19897,0.012021897950899321,0.03348315,False,-0.021910231560468674,-0.2069286581656908,-0.022289231419563293,-0.271764760987954,0.047587260603904724,0.3669600189930011
TAOUSDT,19898,0.01187908875809977,0.032894637,False,0.04172308370471001,0.4010987376612613,-0.0469881147146225,-0.5831594144144755,0.10361478477716446,0.813300418439654
TAOUSDT,19899,0.011739632620216732,0.032727048,False,0.03728959709405899,0.36031377032289275,-0.02680472657084465,-0.33437124745967167,0.10144437104463577,0.8003417886659933
TAOUSDT,19900,0.011603412816609027,0.032161336,False,0.07021676003932953,0.6904094062953007,-0.01509912684559822,-0.191664694745531,0.07829230278730392,0.6285493055678996
TAOUSDT,19901,0.011470317981926955,0.031245701,False,0.05786854773759842,0.5856690994040122,-0.13816863298416138,-1.8052758100847746,0.2599025070667267,2.1477046949571226
TAOUSDT,19902,0.01134024180246079,0.03125202,False,0.023629257455468178,0.23909582520458741,-0.09624701738357544,-1.2572845349329667,0.2819401025772095,2.3293413846510393
TAOUSDT,19903,0.011213082732918496,0.030556904,False,-0.08427509665489197,-0.8721474339622894,-0.025637269020080566,-0.34252066889808847,0.2506919503211975,2.118289958937854
TAOUSDT,19904,0.011088743732046923,0.032710403,False,-0.09771627187728882,-0.9446718882237474,0.03289809077978134,0.41059076027357044,0.15318794548511505,1.2091858727718725
TAOUSDT,19905,0.010967132015649854,0.032707825,False,-0.08967581391334534,-0.867009103686587,-0.029766816645860672,-0.3715395901628591,0.23066259920597076,1.820873948949824
TAOUSDT,19906,0.010848158825681863,0.031528074,False,-0.01932615414261818,-0.19384204988747258,-0.06223234906792641,-0.8058294293952944,0.21207675337791443,1.7368007240838663
TAOUSDT,19907,0.010731739214210312,0.031570565,False,-0.13488563895225525,-1.3510871387251189,0.10161641985177994,1.3140319074447127,0.21984954178333282,1.7980326826567639
TAOUSDT,19908,0.010617791841140423,0.031060813,False,-0.10787750780582428,-1.098292671945498,0.13911858201026917,1.8285072991131401,0.17344999313354492,1.441835912703802
TAOUSDT,19909,0.010506238784691256,0.031018486,False,-0.041631683707237244,-0.4244273634003941,0.09388502687215805,1.2356631918193113,0.18225714564323425,1.5171144162114052
TAOUSDT,19910,0.010397005363694565,0.030547401,False,-0.0180421881377697,-0.1867733644746222,0.023684686049818993,0.31653208762724705,0.22138601541519165,1.8712434326116205
TAOUSDT,19911,0.010290019970864957,0.030569341,False,-0.06614936888217926,-0.6842891092083635,0.04101830720901489,0.5477924361320987,0.22366918623447418,1.8891848369492867
TAOUSDT,19912,0.01018521391625912,0.030514622,False,-0.06174885109066963,-0.6399129298060237,0.08873533457517624,1.1871701545852842,0.19240786135196686,1.628055428812469
TAOUSDT,19913,0.010082521280204997,0.030070506,False,-0.010979972779750824,-0.11546770310007226,0.09983789920806885,1.355436174769397,0.10153847187757492,0.8718549888645342
SUSHIUSDT,19870,0.05380043435365301,0.024809495,False,0.06321309506893158,0.8057292640251391,-0.0987815409898758,-1.625482335088314,-0.02365916781127453,-0.24622713828348844
SUSHIUSDT,20545,0.013342731794875374,0.019869167,True,0.04930128902196884,0.7846547471522011,-0.005083865486085415,-0.10445729085069297,0.037268348038196564,0.48430041948648517
XVSUSDT,20538,0.011403835910165038,0.049235284,True,-0.10557214170694351,-0.6780674262563671,0.06824260950088501,0.5658529049953047,-0.17001576721668243,-0.8915939642392562
VANAUSDT,20256,0.3907179076686396,0.030182062,False,-0.1594306230545044,-1.6704090739747215,-0.0641101598739624,-0.8671661802097071,-0.053252995014190674,-0.4555641134571548
VANAUSDT,20439,0.1794140343490567,0.03120171,True,0.03513488173484802,0.3560902537415145,0.014408514834940434,0.1885233653923655,-0.22307196259498596,-1.8459543201045532
VANAUSDT,20500,0.022075464959034653,0.024945136,True,-0.053156156092882156,-0.6738569147791984,0.07482101023197174,1.2245092318790503,-0.0974695160984993,-1.008874863610693
VANAUSDT,20530,0.02159866439991257,0.034958493,True,0.044829245656728745,0.40551668576333405,-0.08205308020114899,-0.958222934650654,-0.026614412665367126,-0.19657059611945008
VANAUSDT,20560,0.021142024899376215,0.03377976,True,-0.06756734848022461,-0.6325288374875119,0.04881518706679344,0.5899602981858286,0.044610150158405304,0.34098204359571466
VANAUSDT,20591,0.020704294195961318,0.019325253,True,-0.03429390490055084,-0.561166528925167,0.05150992050766945,1.0881532779989613,-0.1628323495388031,-2.1755540632458423
VANAUSDT,20621,0.14890586852699245,0.021303838,True,-0.011930505745112896,-0.17709283924191746,-0.004205959849059582,-0.08059936939785625,0.0881015956401825,1.0677763345871445
VANAUSDT,20652,0.01378573729896151,0.022887342,True,0.11905228346586227,1.6449108930621905,0.03696971386671066,0.6594397329872728,-0.3374859094619751,-3.8072786413465534
VANAUSDT,20682,0.017415256024544832,0.03636096,True,0.060165852308273315,0.52325661447105,0.012426137924194336,0.1395163796917116,-0.1418357789516449,-1.0071747334155712
KAITOUSDT,20320,0.09671756026354203,0.02829447,True,-0.05586732551455498,-0.6243905413372904,-0.0008430313318967819,-0.012163723091245315,0.1788543462753296,1.6321208127117148
KAITOUSDT,20351,0.03153047826321563,0.02562215,True,-0.17907479405403137,-2.21013545817419,-0.0023447461426258087,-0.03735980809323835,0.40029188990592957,4.033811441790551
KAITOUSDT,20381,0.03056669572798604,0.049279656,True,-0.023798756301403046,-0.152716721465778,0.0765858143568039,0.6344611581546574,-0.21831202507019043,-1.1438375745317846
KAITOUSDT,20411,0.029660084936466838,0.049198024,True,0.04149831831455231,0.2667367392796671,-0.0978328213095665,-0.8118228909207317,0.04308732599020004,0.2261289953133181
KAITOUSDT,20442,0.028805705271460695,0.04125057,True,-0.13250276446342468,-1.0157690321228403,-0.015607953071594238,-0.15446865123679548,0.08554337918758392,0.5354399871365686
KAITOUSDT,20472,0.027999169448481635,0.0427408,True,-0.03564076125621796,-0.2636964784600489,-0.14407587051391602,-1.376172849850147,0.0041566044092178345,0.0251102145132719
KAITOUSDT,20503,0.10635934246915901,0.040019512,True,-0.037545040249824524,-0.29667488576190276,0.046400539577007294,0.4733426253514186,0.10790508985519409,0.6961847579698784
KAITOUSDT,20533,0.05189762314362952,0.039783545,True,0.02412993088364601,0.191801765490375,0.11686539649963379,1.1992420114678155,-0.024136856198310852,-0.156650431672215
KAITOUSDT,20564,0.04933714270456456,0.035093293,True,-0.0314178541302681,-0.28310816940467626,-0.043897490948438644,-0.5106695414051707,0.08172351121902466,0.6012807093121258
KAITOUSDT,20594,0.04701743671953042,0.03547192,True,0.09152509272098541,0.8159348483993896,0.07287071645259857,0.8386731104595411,0.01540973037481308,0.11216689941232945
KAITOUSDT,20624,0.04490606848615936,0.040153127,True,0.10325416177511215,0.8131828133088778,0.05440301448106766,0.5531309570848005,0.3383881747722626,2.1759563252364953
KAITOUSDT,20655,0.04297617732397573,0.051757056,True,0.5584705471992493,3.412170364155671,0.1775786429643631,1.4007013273786313,-0.5386456251144409,-2.6871254357425647
KAITOUSDT,20685,0.07632826002118509,0.07809735,True,-0.5703641176223755,-2.3094889732361112,-0.17614421248435974,-0.920781214693858,-0.08169057965278625,-0.27007852029962387
CVXUSDT,19917,0.010023682853095453,0.03460018,False,0.0996539443731308,0.9107855661312423,-0.13562113046646118,-1.6001967398978107,0.16612586379051208,1.2396904880917798
APEUSDT,19860,0.024246661025056102,0.028663743,False,-0.010358748026192188,-0.11428108723338337,-0.03319379687309265,-0.4727683572800201,-0.010533832013607025,-0.09488724844598861
APEUSDT,19890,0.023672677634887555,0.02393504,False,-0.017676282674074173,-0.233537578140762,0.02958270162343979,0.5045776875013411,-0.0697733610868454,-0.7526790856018556
APEUSDT,19921,0.023125241253465094,0.01884327,False,-0.0871257334947586,-1.4621440355080668,-0.0026837335899472237,-0.05814434550989734,-0.016623949632048607,-0.22778876210240165
APEUSDT,19951,0.022602551790369046,0.018373976,False,-0.05690581351518631,-0.9793851228132601,0.008378433994948864,0.1861590241898253,0.1527044028043747,2.145866973570547
APEUSDT,19982,0.02210296830454469,0.01496964,False,0.060457393527030945,1.2771386599004584,-0.035022057592868805,-0.9551127981599639,-0.06268122792243958,-1.081136420965608
APEUSDT,20012,0.021624991796285357,0.032613173,False,-0.03629738837480545,-0.3519510963637641,0.9302182197570801,11.644374391087304,-0.27471715211868286,-2.174939046714325
APEUSDT,20042,0.021167250184691483,0.09823248,False,-0.09915832430124283,-0.3192082297527045,0.020233888179063797,0.08409082652547753,0.019436266273260117,0.051087201297341914
APEUSDT,20073,0.020728485153497893,0.09730958,False,-0.03986343741416931,-0.12954454749998442,-0.06374184042215347,-0.2674196812461726,0.02833295427262783,0.0751779751895929
APEUSDT,20103,0.020307540599673192,0.02832767,False,-0.04384862631559372,-0.4894914819317906,0.009775852784514427,0.1408861086839356,-0.0011059939861297607,-0.010080829796680152
APEUSDT,20134,0.019903352461492146,0.017580073,False,0.0017470866441726685,0.031426336867522116,-0.017224371433258057,-0.39998810364528353,-0.028133733198046684,-0.41320070406611675
APEUSDT,20164,0.019514939737629182,0.01447055,False,0.0007328484207391739,0.016015079952707706,0.0036750491708517075,0.10368178938288156,-0.00834348239004612,-0.14887325327997605
APEUSDT,20195,0.019141396537701867,0.013695741,False,0.002959274686872959,0.06832816262516105,-0.008035466074943542,-0.23952448216267702,-0.048380088061094284,-0.9120853670716542
APEUSDT,20225,0.01878188502864294,0.014858664,False,0.0677679106593132,1.4422625732725032,0.05130700767040253,1.4096824688481029,0.23868724703788757,4.147666447415595
APEUSDT,20256,0.018435629161304902,0.025597902,False,-0.0071470728144049644,-0.08829250414145949,-0.01165628619492054,-0.1859003487658061,-0.02243793196976185,-0.22632515428231412
APEUSDT,20286,0.018101909078423288,0.026894944,True,-0.12415161728858948,-1.4597609458146477,-0.006438441574573517,-0.09773148390741694,-0.09044627845287323,-0.868309257747986
APEUSDT,20316,0.01778005611914526,0.017901933,True,0.004828959703445435,0.08530090881818361,0.020107770338654518,0.4585517635455462,-0.0028635263442993164,-0.04130053052181204
APEUSDT,20347,0.017469448347162204,0.014396383,True,-0.11183756589889526,-2.4565991729864085,-0.006495540030300617,-0.1841985611484254,-0.004195197485387325,-0.07524079491793098
APEUSDT,20377,0.017169506539523732,0.013853731,True,-0.094780333340168,-2.1634730648832203,0.02783585712313652,0.8202802107575524,0.07538334280252457,1.4049569701807874
APEUSDT,20408,0.016879690581696163,0.02594085,True,-0.04014571011066437,-0.48938982488678967,-0.06063270568847656,-0.954216923643608,-0.1718856543302536,-1.7108415671193051
APEUSDT,20438,0.016599496221662464,0.027727222,True,-0.006414324045181274,-0.07315508773968563,-0.026605557650327682,-0.3917331999622734,-0.0007898341864347458,-0.007355021339903144
APEUSDT,20469,0.01553556827473414,0.018195868,True,-0.010802678763866425,-0.1877408134168914,-0.04233643040060997,-0.9498736621854746,-0.07866524904966354,-1.1162578493927007
APEUSDT,20499,0.015297906602254557,0.022413243,True,-0.0883580893278122,-1.2466416254867188,-0.12646503746509552,-2.3035103064218942,-0.07859058678150177,-0.905357721155405
APEUSDT,20529,0.015067406819984022,0.02201148,True,-0.009129047393798828,-0.13115239623901662,-0.09195172041654587,-1.7054343348058032,-0.021444100886583328,-0.2515434310102718
TIAUSDT,20027,0.5085753933953602,0.045231313,False,-0.14330676198005676,-1.0019071894648903,-0.0013394653797149658,-0.012089732112963748,-0.0741015374660492,-0.4230019789198883
ENAUSDT,20154,0.020298568247175155,0.049785238,False,0.056444115936756134,0.3585238815922491,0.13288196921348572,1.0896570792149536,0.07366432249546051,0.38204188908853765
ENAUSDT,20155,0.01989473363865134,0.049670294,False,0.20449942350387573,1.3019531541559541,-0.11932966113090515,-0.9807900518916357,0.09982231259346008,0.5189019078768752
ENAUSDT,20156,0.019506653954054494,0.05006575,False,0.2241426408290863,1.4157408778023646,-0.17957442998886108,-1.4642935820657972,0.11093039810657501,0.5720898328571966
ENAUSDT,20157,0.019133424856424188,0.04997702,False,0.2915992736816406,1.8450837593285656,-0.19193102419376373,-1.5678308432353407,0.08734500408172607,0.45125506355593487
ENAUSDT,20158,0.01877420992164944,0.05001282,False,0.3306671977043152,2.0907869289382934,-0.21044841408729553,-1.7178636636406024,0.02443823590874672,0.126166159916897
ENAUSDT,20159,0.01842823438089712,0.049883228,False,0.23404142260551453,1.4836729597683553,-0.10751202702522278,-0.8798869515302765,0.09143158793449402,0.47325595266914594
ENAUSDT,20160,0.018094779542418893,0.04978912,False,0.08115601539611816,0.5154496745305612,-0.033313293009996414,-0.2731539552093888,0.06793324649333954,0.3522916049424895
ENAUSDT,20161,0.01777317780821098,0.050472498,False,0.10464128106832504,0.6556140451909412,0.050010304898023605,0.40450982839089134,-0.010125111788511276,-0.051796378801461325
ENAUSDT,20162,0.017462808212813947,0.04909824,False,0.025132447481155396,0.16187093445216205,0.05906415730714798,0.4911141837096519,-0.0033849934116005898,-0.017801077392326135
ENAUSDT,20163,0.017163092421518294,0.050087,False,0.19148783385753632,1.2089717591392397,-0.04611090570688248,-0.3758399981049033,0.08914606273174286,0.4595486629832157
ENAUSDT,20164,0.016873491133716646,0.052712336,False,0.10460282862186432,0.6275251906793086,-0.05730205401778221,-0.4437948929410585,0.07044412195682526,0.3450538412006827
ENAUSDT,20165,0.0165935008443422,0.053424217,False,-0.09082277119159698,-0.5375966884305146,-0.01807131990790367,-0.13809440549207966,0.06428730487823486,0.3107001232118617
ENAUSDT,20166,0.016322650922478157,0.059252754,False,-0.14861078560352325,-0.7931252757190996,0.044796887785196304,0.3086481499498387,0.0023860782384872437,0.010397537868829018
ENAUSDT,20167,0.01606050097148078,0.059630822,False,-0.16686362028121948,-0.8848932105216039,0.047942835837602615,0.32822926107872763,-0.006959840655326843,-0.030135809938357024
ENAUSDT,20168,0.015806638439467426,0.05953368,False,-0.18738208711147308,-0.9953259581195063,0.02926323004066944,0.2006706672979251,0.0016882382333278656,0.007321926426799488
ENAUSDT,20169,0.015560676452903285,0.05957261,False,-0.15718692541122437,-0.8343913323929012,0.1531659960746765,1.049639339299113,-0.04934598505496979,-0.21387477130712454
ENAUSDT,20170,0.015322251849345506,0.061142176,False,-0.08558119833469391,-0.4426265592826656,0.1270698606967926,0.8484495721629357,0.020450998097658157,0.08636305272127473
ENAUSDT,20171,0.015091023388325223,0.06195179,False,0.0104355588555336,0.053267443341959174,0.09455153346061707,0.6230732298927575,-0.018322788178920746,-0.07636459841580552
ENAUSDT,20172,0.014866670121810671,0.062051836,False,0.07576054334640503,0.3860899010264078,0.042470648884773254,0.2794207360760334,-0.06783312559127808,-0.2822549457279595
ENAUSDT,20173,0.01464888990789901,0.06205525,False,0.07301025837659836,0.3720534743061158,-0.0434604212641716,-0.285916873051572,-0.06237097829580307,-0.2595125741716285
ENAUSDT,20174,0.014437398053260483,0.061525818,False,0.05232958495616913,0.2689613611947666,0.03755436837673187,0.24918818144106109,-0.13148744404315948,-0.5517994427872772
ENAUSDT,20175,0.014231926071501247,0.061526764,False,0.10349109768867493,0.5319109343491978,-0.03904438763856888,-0.25907106796521556,-0.09868147224187851,-0.41411972349419107
ENAUSDT,20176,0.014032220546070956,0.06151141,False,0.074801966547966,0.38455400936982603,-0.05993710830807686,-0.3977997347785015,-0.04688093438744545,-0.19678634414205598
ENAUSDT,20177,0.013838042087572137,0.06149583,False,0.054976772516965866,0.2827050571224584,-0.055251214653253555,-0.3667925802123863,-0.08853499591350555,-0.3717266338463413
ENAUSDT,20178,0.013649164376470539,0.061151184,False,0.059167034924030304,0.305967243946256,-0.0443098284304142,-0.29581457761415886,-0.12496723979711533,-0.5276496771615786
ENAUSDT,20179,0.013465373283138076,0.060811847,False,0.07566073536872864,0.39344348716203636,-0.011296127922832966,-0.07583431694415443,-0.10043158382177353,-0.42641893851943635
ENAUSDT,20180,0.01328646605805302,0.061302766,False,0.14718598127365112,0.7592527536582305,-0.04521559923887253,-0.3011151410391076,-0.1040036678314209,-0.4380492631343224
ENAUSDT,20181,0.013112250585701412,0.060853004,False,0.08251802623271942,0.42881187749317035,-0.020750265568494797,-0.13920858174216685,-0.07895773649215698,-0.3350171463450068
ENAUSDT,20182,0.012942544696425065,0.061079465,False,-0.029932036995887756,-0.1549676509830699,0.05110810697078705,0.3416008530845566,-0.08049111068248749,-0.34025699902277445
ENAUSDT,20183,0.01277717553102076,0.061490875,False,-0.0482172854244709,-0.24796597085774852,0.034336455166339874,0.22796551816977753,-0.0854557603597641,-0.35882694044575253
LINKUSDT,19895,0.03577454397955871,0.027538417,False,0.10277312248945236,1.1801591587832891,-0.01100149191915989,-0.16309362603106564,0.014524480327963829,0.13618083811693
LINKUSDT,19986,0.030838329934121618,0.01849212,False,-0.04341503232717514,-0.7424264573036029,0.01646258495748043,0.36344250352978874,-0.04311808943748474,-0.6020425559619209
LINKUSDT,20077,0.017949466393683142,0.0513874,False,0.25870558619499207,1.5920223727595186,-0.02240431122481823,-0.17799152821722602,-0.09246651828289032,-0.46460324168781747
LINKUSDT,20161,0.029780117141936832,0.027147995,False,0.05995132774114609,0.6983305480279877,0.04308776184916496,0.6479485838729732,0.04127930849790573,0.3925988457988535
LINKUSDT,20259,0.03196300430243747,0.02342946,False,0.07851408421993256,1.059705711570878,0.028707675635814667,0.5002189162517696,-0.02088414877653122,-0.23014887401924883
LINKUSDT,20371,0.027654476545790136,0.030063057,True,-0.02801595628261566,-0.2946946870461923,-0.020660080015659332,-0.2805583696271956,0.03719402477145195,0.319443754490065
LINKUSDT,20441,0.016146171992795038,0.022903316,True,0.028233855962753296,0.389826927469681,-0.020449243485927582,-0.36450480774915156,-0.028074171394109726,-0.31649216088260823
LINKUSDT,20546,0.02683579511325843,0.017169015,True,0.009346533566713333,0.17214926696816804,-0.005227072164416313,-0.12429036932740678,-0.0931987464427948,-1.4015837356830338
LINKUSDT,20623,0.02888545159085016,0.014338028,True,-0.02123008668422699,-0.46823336037410945,0.01147253904491663,0.3266589069973231,0.05297394096851349,0.9539535732010777
ONDOUSDT,20106,1.1797590476897635,0.045549955,False,-0.07541913539171219,-0.523592714529792,0.2201656699180603,1.9732677657019353,0.4577231705188751,2.5945934276165428
ONDOUSDT,20471,0.5412336968804606,0.016327815,True,-0.08809581398963928,-1.706189237872409,-0.014248393476009369,-0.35625601049486744,0.00547662191092968,0.08660422020202345
UXLINKUSDT,20105,0.03794642857142857,0.115057655,False,-0.12801416218280792,-0.3518378037392579,-0.20716850459575653,-0.73507658465022,0.02867116406559944,0.0643404626155578
UXLINKUSDT,20196,0.05161290322580645,0.051848225,False,-0.10645314306020737,-0.6492688886362632,-0.14486148953437805,-1.1406264171888951,-0.15094056725502014,-0.7516686764282091
UXLINKUSDT,20288,0.049079754601226995,0.03492967,True,-0.21217221021652222,-1.920852481338466,0.05155549943447113,0.6025663646705951,-0.11707863211631775,-0.8654411131003267
UXLINKUSDT,20379,0.04678362573099415,0.09673151,True,0.0,0.0,0.0,0.0,0.0,0.0
APTUSDT,19856,0.059719903683459495,0.022203593,False,-0.07162909209728241,-1.0201550803329307,-0.023838164284825325,-0.43830248553075973,-0.024402324110269547,-0.28376727634579324
APTUSDT,19886,0.025581483631179323,0.017911635,False,0.03309611231088638,0.5843078793020078,0.040680646896362305,0.9272076075600815,-0.00868597999215126,-0.1252096945846014
APTUSDT,19917,0.02469986986068256,0.013714832,False,-0.015356256626546383,-0.35407467167998213,0.0038424604572355747,0.11437820629647331,0.02312389761209488,0.4353363263656116
APTUSDT,19947,0.0238890539105063,0.015182816,False,0.08383260667324066,1.7460658937202824,-0.002531152218580246,-0.06805974183692602,0.11174421012401581,1.9003214018370733
APTUSDT,19978,0.023127831108393285,0.023301171,False,-0.07773541659116745,-1.054972601269513,-0.057086192071437836,-1.0001789259153002,0.24600151181221008,2.725928102388146
APTUSDT,20008,0.022424041484412405,0.029395733,False,0.09043586254119873,0.9728735375075016,0.1576031893491745,2.188794971050506,-0.028337271884083748,-0.24890184340029076
APTUSDT,20038,0.021765943423963048,0.041677345,False,0.004876691848039627,0.03700200633733206,0.08294317126274109,0.8124655782759351,-0.2097543627023697,-1.2994672309765376
APTUSDT,20069,0.021144315538611385,0.047590613,False,-0.07428906112909317,-0.49363229803491054,0.09275239706039429,0.7956612629843016,-0.2204311639070511,-1.1959308309340968
APTUSDT,20099,0.02056569685799998,0.039746724,False,0.07234735786914825,0.575600729166932,-0.0026337746530771255,-0.02705214139701141,0.010203092359006405,0.0662803584643101
APTUSDT,20130,0.02001730151795951,0.02647602,False,0.03848426043987274,0.45965336590369776,-0.07626324892044067,-1.1759449118380512,0.14445315301418304,1.4087330247522885
APTUSDT,20160,0.019504852608703712,0.026900833,False,0.03911726549267769,0.45983577021998706,0.009524209424853325,0.14453984184821628,0.08583316206932068,0.8238416542874837
APTUSDT,20191,0.01902129701485131,0.03187968,False,-0.051436007022857666,-0.5102151096261226,0.006561495363712311,0.08402591877348366,-0.13712167739868164,-1.1105715827897127
APTUSDT,20221,0.0185694657300465,0.026293103,False,-0.10886192321777344,-1.3092849192923668,-0.04982783645391464,-0.7736678823791959,0.05662526190280914,0.5560614108022528
APTUSDT,20251,0.018138366656329397,0.022366391,False,0.03753364831209183,0.5306703926253236,0.022566255182027817,0.41189635361372884,0.04012344777584076,0.4631873528157794
APTUSDT,20282,0.017723548219378375,0.027638411,True,-0.08898305892944336,-1.0181089566442427,0.0266689695417881,0.3939286221997982,-0.10954044759273529,-1.0233302413074188
APTUSDT,20312,0.01732998440730203,0.025626877,True,-0.04969652742147446,-0.6132398281436269,0.048048220574855804,0.7654309053124089,-0.014268595725297928,-0.14376061227117506
APTUSDT,20343,0.016950502053822477,0.0155921485,True,-0.08651774376630783,-1.7546852368535097,-0.03144024312496185,-0.8231980015386253,0.20975762605667114,3.4734909091137256
APTUSDT,20373,0.01658977551878793,0.01644544,True,0.0018918365240097046,0.036377942019070825,-0.18462152779102325,-4.5831200789391895,0.04248327389359474,0.6670015890804796
APTUSDT,20404,0.01624129728974441,0.027514575,True,-0.0008891550824046135,-0.010219148391269618,0.009170176461338997,0.13606275426345046,-0.24665679037570953,-2.314646303260657
APTUSDT,20434,0.01590946256413607,0.03122507,True,-0.07409084588289261,-0.750345232459994,-0.022647686302661896,-0.29610435173464017,0.17325061559677124,1.4326025877026733
APTUSDT,20465,0.0155883367414084,0.028212555,True,-0.0958888828754425,-1.0747955115448484,0.0469214990735054,0.6789750857582673,-0.10284627974033356,-0.9412403618257748
APTUSDT,20495,0.015282056019157783,0.026675232,True,-0.14126700162887573,-1.6746826699637465,-0.12462034821510315,-1.9072390666938042,0.19227896630764008,1.8611353062928342
APTUSDT,20525,0.014987414726256018,0.03056285,True,-0.06769044697284698,-0.700379677492978,0.10002636164426804,1.33611857280705,-0.061676256358623505,-0.5210489553125244
APTUSDT,20556,0.014701607338801166,0.037690222,True,-0.1271205097436905,-1.0665640157360714,0.07565110921859741,0.8194283332797099,0.015365942381322384,0.10526521268715662
APTUSDT,20586,0.014428417857287055,0.030620066,True,-0.014286193996667862,-0.1475402158243903,-0.0037701576948165894,-0.05026639756805618,-0.0658036321401596,-0.5548787684113304
APTUSDT,20617,0.014163038321646983,0.020369183,True,-0.19130250811576843,-2.969935709580431,-0.008016299456357956,-0.1606662626175773,0.03134067729115486,0.3972730753311498
APTUSDT,20647,0.013909039749569054,0.022986416,True,0.07253871858119965,0.9979266516605881,0.015165682882070541,0.2693488263370343,-0.029561558738350868,-0.332055320003127
APTUSDT,20678,0.013661972500303467,0.021868955,True,-0.027553381398320198,-0.3984252612325398,-0.019728973507881165,-0.36829924340319364,-0.035976991057395935,-0.42476739292570004
CELOUSDT,19875,0.012024844298520002,0.015338238,False,-0.09852395206689835,-2.0312638644411702,-0.07372862100601196,-1.9623885637277603,0.07321173697710037,1.2324224463629418
CELOUSDT,20088,0.011091250385766784,0.022628833,False,-0.022114180028438568,-0.3090357275024622,-0.01872151717543602,-0.3377561500412409,0.051677074283361435,0.5896443460524026
CELOUSDT,20149,0.010850557877282396,0.014850797,False,-0.06741777807474136,-1.4355709771933847,0.06229661405086517,1.7125334056134993,0.01994745247066021,0.3468103452998862
HUSDT,20324,0.03225806451612903,0.24490865,True,-0.25723305344581604,-0.3321411279216215,-0.006245575845241547,-0.010411007149149247,1.1785056591033936,1.242458598431781
HUSDT,20355,0.03125,0.09089691,True,-0.2510477900505066,-0.8733881067574454,0.5168202519416809,2.3212117978225804,1.3179672956466675,3.743776166585791
HUSDT,20385,0.030303030303030304,0.12775208,True,0.00047467276453971863,0.0011749687931638048,1.2737367153167725,4.070390354903081,0.21360445022583008,0.431714549396912
HUSDT,20416,0.029411764705882353,0.31960174,True,-0.18395385146141052,-0.18201188358532788,0.010080259293317795,0.012876176979205586,-0.35606443881988525,-0.28765626092087343
HUSDT,20446,0.04816326530612248,0.2639641,True,1.3459314107894897,1.6124196607664933,-0.005161657929420471,-0.007983048191980669,-0.12117365002632141,-0.1185271158896271
HUSDT,20477,0.0459501557632399,0.12564757,True,0.12411939352750778,0.3123816646663535,-0.04871995747089386,-0.15829863331851401,0.6759681701660156,1.3890775966760929
HUSDT,20507,0.043931496649292454,0.11138231,True,0.0876685306429863,0.24890148920789373,-0.23786085844039917,-0.8718286247403944,0.06882653385400772,0.15954898166510462
HUSDT,20537,0.042082738944365414,0.10056151,True,-0.2662271559238434,-0.837183344240421,-0.05355479195713997,-0.21741571805005563,0.06391661614179611,0.16411050121416343
HUSDT,20568,0.040383299110198334,0.08842734,True,0.3515249192714691,1.2570991823323372,0.32314229011535645,1.4918721271565234,0.20326237380504608,0.5935055580686835
HUSDT,20598,0.03881578947368424,0.079771,True,0.004136979579925537,0.016399792619921406,0.6143237948417664,3.1439576781462946,2.2174243927001953,7.177251590543517
HUSDT,20629,0.10386320455984803,0.2312007,True,-1.3376719951629639,-1.829618317645777,0.34379908442497253,0.6070716545924038,-0.3086739778518677,-0.3447190258755375
HUSDT,20659,0.0940906483075158,0.255569,True,-0.07423678040504456,-0.09185672055620266,0.10071556270122528,0.16088396687589346,0.5967267751693726,0.6028672656538445
HUSDT,20690,0.08599895123230206,0.11092666,True,-0.5407828688621521,-1.541654294239332,0.0800759494304657,0.29470706209569997,0.091753289103508,0.21356991928220598
