variant,in_bp,in_t,hold_bp,hold_t
L24_f2M_q20_r1_EW,25.78452703357984,2.5839098727832486,22.386163491521724,2.7005440441486916
L24_f2M_q20_r1_VW,49.588305733928735,3.3957112319995226,39.0244314209312,2.86678858537026
L24_f2M_q20_r7_EW,16.125446442828878,1.9971624062700077,16.1380480775575,2.107202313965817
L24_f2M_q20_r7_VW,31.198514361935057,2.505228156506571,16.778970732608922,1.3035776316678767
L24_f2M_q30_r1_EW,16.64625255110896,2.0994399734787166,14.41820233205711,1.9364249316435376
L24_f2M_q30_r1_VW,32.13668924381867,2.5997086994366216,28.752713075909853,2.5052300645783316
L24_f2M_q30_r7_EW,11.030004391754611,1.4502250131462822,12.592900021618853,1.9849210139380327
L24_f2M_q30_r7_VW,15.88416592455642,1.3462216624861039,13.634392110347807,1.366134512753868
L24_f5M_q20_r1_EW,22.86878991756182,2.402486311476709,24.45190703005785,2.30040580933046
L24_f5M_q20_r1_VW,40.237651040748524,2.6016502434104916,39.403375263907684,2.7240414255009235
L24_f5M_q20_r7_EW,17.03261815770887,2.1728846648280236,21.365767351907913,2.6789727570102753
L24_f5M_q20_r7_VW,31.16125131617128,2.56475132538431,18.31316503235996,1.5349356501904698
L24_f5M_q30_r1_EW,17.196337660902593,2.070222315037849,18.565978279850913,2.1866106043481612
L24_f5M_q30_r1_VW,28.364254031307343,2.43903643284564,28.48834014320268,2.9745545573287533
L24_f5M_q30_r7_EW,8.122575987702874,1.039788640282525,17.55465395316493,2.592707141804408
L24_f5M_q30_r7_VW,11.287987200468834,1.0634855405695305,11.289530945519504,1.1490043731279822
L24_f20M_q20_r1_EW,30.459546256473182,2.7389774884477465,19.087541235612075,1.069824394013699
L24_f20M_q20_r1_VW,37.485677822708176,2.182416250481684,43.899822032270315,3.3572958538013222
L24_f20M_q20_r7_EW,12.291631830805823,1.5848908931025378,19.795664121128244,1.809027223394141
L24_f20M_q20_r7_VW,21.118446309490434,1.9478983920554773,3.473284157304154,0.18652750109812552
L24_f20M_q30_r1_EW,28.201773490656198,3.0891604392680976,24.601531089003505,1.9855737956998307
L24_f20M_q30_r1_VW,14.685668993035454,1.3339856643953039,24.87934368472444,2.766869234446502
L24_f20M_q30_r7_EW,15.716125487324772,2.208369972978897,20.190315915347927,2.160565746114815
L24_f20M_q30_r7_VW,9.704976918795822,0.8118222033600822,15.687171431000447,1.591632993607075
L72_f2M_q20_r1_EW,19.994427485968473,1.9839013609058034,23.39094938931951,2.7779603999058584
L72_f2M_q20_r1_VW,38.91194583799811,3.0261344098460325,40.20675758896532,3.1107593346021964
L72_f2M_q20_r7_EW,13.437034629879117,1.4231463489135847,15.602877963957896,1.8927513734553947
L72_f2M_q20_r7_VW,24.303881577880713,2.045629945075454,19.48848410521473,1.2102793273222008
L72_f2M_q30_r1_EW,15.704391339896414,1.8753028006842039,13.700149937030883,1.8654677585482702
L72_f2M_q30_r1_VW,30.51329091008911,2.579443024234347,16.920904371751114,1.382664832223956
L72_f2M_q30_r7_EW,7.698473735089069,0.995640363791329,13.577059891317978,2.2201711919370806
L72_f2M_q30_r7_VW,19.886064138836502,1.5571132898027784,15.862325373312666,1.6510662954768625
L72_f5M_q20_r1_EW,19.19951286577698,1.891537572606077,21.385657483573645,1.991496598290617
L72_f5M_q20_r1_VW,41.300722665054586,3.189234384528847,39.7988080698129,3.0027201782404203
L72_f5M_q20_r7_EW,15.856276866516673,1.7507735142486587,20.735037688152374,2.512423868996042
L72_f5M_q20_r7_VW,33.64656061503067,2.3900456730435713,21.897865546989383,1.431576226506217
L72_f5M_q30_r1_EW,14.999476376511167,1.7744481115189983,20.94453285368007,2.3833185676601585
L72_f5M_q30_r1_VW,27.15115986958845,2.411914425611697,23.198544949960304,2.2079306381214803
L72_f5M_q30_r7_EW,8.548628498545165,1.0828004119537922,18.93265694923485,2.508684206052973
L72_f5M_q30_r7_VW,17.33324465093595,1.4959783467004744,14.786547143576431,1.5500796682052262
L72_f20M_q20_r1_EW,31.000315662991458,2.7043330797079634,27.734343636250628,1.5456335674569588
L72_f20M_q20_r1_VW,45.14407524183868,3.1477708644838387,33.033284056989025,2.300792799775794
L72_f20M_q20_r7_EW,14.960979365586647,1.476409752877538,26.828459568882064,2.3305124397842745
L72_f20M_q20_r7_VW,35.52829805251883,2.6908439938454602,12.534971307581094,0.7124494732127731
L72_f20M_q30_r1_EW,20.680383722297922,2.3469065859048213,22.599302535090747,1.7940345664738298
L72_f20M_q30_r1_VW,12.289117592964457,1.0067028516547365,22.33653362093366,2.336689115119454
L72_f20M_q30_r7_EW,11.456137879652193,1.4834803339284792,20.176124550897963,2.0992435096990723
L72_f20M_q30_r7_VW,3.204348837622392,0.25446289848962306,19.43480220414249,1.952430780923076
L168_f2M_q20_r1_EW,14.133301788628085,1.4031709017131753,21.44504538162291,2.7309589531350627
L168_f2M_q20_r1_VW,31.274573129530523,2.404024858965365,33.30049359392138,2.619223606527938
L168_f2M_q20_r7_EW,16.265952045860644,1.7701547159381021,18.60909781958743,2.284238968263485
L168_f2M_q20_r7_VW,31.880464653763454,2.726603430480475,22.24896497675518,1.4211764606849104
L168_f2M_q30_r1_EW,13.27840553316135,1.5864078842620037,13.718205066638266,1.9745478738222357
L168_f2M_q30_r1_VW,22.71172085002207,1.9939718149489294,28.009889778693605,2.686493064085252
L168_f2M_q30_r7_EW,10.801104244123879,1.3868467749616762,14.655926196702872,2.3673745280117844
L168_f2M_q30_r7_VW,28.537036359844734,2.30347903131,18.263861059734875,1.6731082630013394
L168_f5M_q20_r1_EW,14.07009478024867,1.4020606385189296,24.512574156509807,2.282615372643858
L168_f5M_q20_r1_VW,37.5382552220995,2.895493816450096,35.17228916346759,2.5229337201249282
L168_f5M_q20_r7_EW,16.753108387352857,1.835196265104022,17.278093674359113,2.2355067811663685
L168_f5M_q20_r7_VW,40.32645771323865,3.40483689118781,16.581592483470043,1.0295310552129073
L168_f5M_q30_r1_EW,12.09037789916213,1.4332141738114759,20.844527736956344,2.428077783709134
L168_f5M_q30_r1_VW,23.518277656576128,2.260617551066236,27.149315815736728,2.5062976337123417
L168_f5M_q30_r7_EW,9.905483814731042,1.2254200840377314,19.909719460010276,2.644783861687402
L168_f5M_q30_r7_VW,21.527001779910833,1.8847473563038912,14.693151335930768,1.1568073375527161
L168_f20M_q20_r1_EW,21.72512169010457,1.8603518658660765,32.78926161821075,1.8876594783299392
L168_f20M_q20_r1_VW,32.45923777833717,2.325062800709964,35.88506049599871,2.5932875902385746
L168_f20M_q20_r7_EW,20.111117777305118,2.0344301062612193,20.765093708364013,1.7717638735744627
L168_f20M_q20_r7_VW,41.985782395293874,2.8204820899244822,9.710233508451884,0.5074622150203227
L168_f20M_q30_r1_EW,16.771136455101498,1.8957352642617795,26.718831241286004,2.1024174298116947
L168_f20M_q30_r1_VW,10.184217052456491,0.833498844252852,21.283621130181995,2.170939666638765
L168_f20M_q30_r7_EW,12.633236615031786,1.6335125345795591,21.247436569958587,2.064467647283622
L168_f20M_q30_r7_VW,9.567054564696353,0.8251997586354128,15.367172581518926,1.5745649470804532
